id,question,text_type,label,text
1_human,what composer used sound mass,human,0,"Composers and works include Barbara Kolb , Pauline Oliveros ' Sound Patterns for chorus (1961), Norma Beecroft 's From Dreams of Brass for chorus (1963–1964), and Nancy Van de Vate .A very early example is the opening of Jean-Féry Rebel 's ballet Les Elémens (1737–38), where chaos is represented by a gradually cumulating orchestral cluster of all seven notes of the D minor scale (Henck 2004, pp. 52–54).A later example is the third movement of Ruth Crawford Seeger 's String Quartet 1931 (Nonesuch H-71280) while more recently Phill Niblock 's multiple drone based music serves as an example.The use of ""chords approaching timbres"" begins with Debussy and Edgard Varèse often carefully scored individual instrumental parts so that they would fuse into one ensemble timbre or sound mass (Erickson 1975, pp. 18 and 21).Other examples include European ""textural"" compositions of the fifties and sixties such as Krzysztof Penderecki 's Threnody to the Victims of Hiroshima (1959) and György Ligeti 's works featuring micropolyphony in works like Atmosphères (1961) and his Requiem (1963-65).Other composers with works using this technique include Henryk Górecki , Karel Husa , Witold Lutosławski , Kazimierz Serocki , and Steven Stucky .Sound mass techniques also appear in the music of George Crumb (Anon. n.d.)."
1_ai_original,what composer used sound mass,ai_original,1,"Sound mass is a term used to describe a type of texture in music that is characterized by a dense, homogenous sound created by the layering and combining of multiple voices or instruments. There are many composers who have used sound mass techniques in their compositions, including:\n\nPierre Boulez: Boulez was a French composer and conductor who was known for his use of sound mass techniques in his compositions. He often used these techniques to create a sense of density and complexity in his music.\n\nGyörgy Ligeti: Ligeti was a Hungarian-Austrian composer who was known for his use of sound mass techniques in his music. His compositions often featured complex, layered textures that were created by the layering and combining of multiple voices or instruments.\n\nKarlheinz Stockhausen: Stockhausen was a German composer who was known for his innovative use of sound mass techniques in his music. He often used these techniques to create a sense of density and complexity in his compositions.\n\nJohn Adams: Adams is an American composer who has also used sound mass techniques in his music. His compositions often feature dense, layered textures created by the layering and combining of multiple voices or instruments.\n\nArvo Pärt: Pärt is an Estonian composer who is known for his use of sound mass techniques in his music. His compositions often feature dense, homogenous textures created by the layering and combining of multiple voices or instruments."
2_human,where did the persian war take place,human,0,"The Greco-Persian Wars (also often called the Persian Wars) were a series of conflicts between the Achaemenid Empire of Persia and city-states of the Hellenic world that started in 499 BC and lasted until 449 BC.In 494 BC, the Persians regrouped, and attacked the epicentre of the revolt in Miletus.At the Battle of Lade , the Ionians suffered a decisive defeat, and the rebellion collapsed, with the final members being stamped out the following year.Seeking to secure his empire from further revolts and from the interference of the mainland Greeks, Darius embarked on a scheme to conquer Greece and to punish Athens and Eretria for burning Sardis.The actions of the general Pausanias at the siege of Byzantium alienated many of the Greek states from the Spartans, and the anti-Persian alliance was therefore reconstituted around Athenian leadership, as the so-called Delian League .At the Battle of the Eurymedon in 466 BC, the League won a double victory that finally secured freedom for the cities of Ionia.A fleet was sent to Cyprus in 451 BC, but achieved little, and when it withdrew the Greco-Persian Wars drew to a quiet end."
2_ai_original,where did the persian war take place,ai_original,1,"The Persian Wars were a series of conflicts fought between the Greek city-states and the Persian Empire in the 5th century BC. The wars took place mainly in the western and central regions of Anatolia (modern-day Turkey), as well as in other parts of the Aegean Sea and the Black Sea. The Persians, led by their kings Xerxes I and Darius I, sought to expand their empire and bring the Greek city-states under their control. The Greeks, led by the city-states of Athens and Sparta, resisted the Persian invasions and eventually succeeded in defeating them. The wars had a significant impact on the development of western civilization and the growth of the Greek city-states."
3_human,what are add ons,human,0,"Plug-in (computing) , a piece of software which enhances another software application and usually cannot be run independentlyBrowser extension , which modifies the interface and/or behavior of web browsersAdd-on (Mozilla) , a piece of software that enhances and customizes Mozilla-based applicationsAdd-ons for Firefox (addons.mozilla.org), the official Mozilla Foundation web site which serves as a repository of add-ons for Mozilla-based applicationsPeripheral , an optional computer hardware component that significantly supplements or enhances the functionality of the original unitVideo game accessory , a piece of hardware used in conjunction with a video game console for playing video games"
3_ai_original,what are add ons,ai_original,1,"Add-ons, also known as extensions or plug-ins, are small software programs that can be installed into a larger software application to add specific features or functionality. They are typically designed to enhance or customize the capabilities of the main application.\n\nAdd-ons can be used in a variety of software applications, including web browsers, productivity tools, and media players. For example, you might install an add-on in your web browser to block pop-up ads, or install an add-on in your productivity tool to add a new feature or integration with another service.\n\nAdd-ons can be installed through the main application's interface, or downloaded from the internet and installed manually. Some add-ons are free, while others may require a purchase or subscription fee."
4_human,how does a dredge work?,human,0,"Dredging is an excavation activity or operation usually carried out at least partly underwater, in shallow seas or fresh water areas with the purpose of gathering up bottom sediments and disposing of them at a different location.A dredger (or “dredge” as is the general usage in the Americas) is any device, machine, or vessel that is used to excavate and remove material from the bottom of a body of water.For example, a scoop attached to the end of a rope or pole by which a man can draw sediments up from the bottom of a pond is a dredger.Developing this idea further, a motorized crane equipped with a drag bucket or clamshell (grabber) that is used to scoop material from the bottom of a body of water is also a dredger.If the crane is mounted on a barge, the entire vessel is referred to as a dredger."
4_ai_original,how does a dredge work?,ai_original,1,"A dredge is a piece of equipment that is used to remove sediment and debris from the bottom of bodies of water. Dredges can be used in a variety of applications, including maintaining waterways, cleaning up pollution, and extracting minerals.\n\nThere are several types of dredges, but most work by using a bucket, cutterhead, or other type of mechanical excavator to loosen and lift material from the bottom of the waterway. The material is then transported to a barge or other vessel, where it is either disposed of or transported to a processing facility.\n\nDredges can be powered by a variety of means, including diesel engines, electric motors, and hydraulic systems. Some dredges are self-propelled, while others are towed or pushed by a separate vessel.\n\nDredging can be an important tool for maintaining waterways and ports, as it allows for the removal of silt, sand, and other debris that can accumulate over time and obstruct navigation. It can also be used to restore habitat and improve water quality in areas that have been damaged by pollution or other human activity."
5_human,what classes are considered humanities,human,0,"The humanities are academic disciplines that study human culture, using methods that are primarily analytical , critical , or speculative , and having a significant historical element, as distinguished from the mainly empirical approaches of the natural sciences .The humanities include ancient and modern languages , literature , philosophy , religion , and visual and performing arts such as music and theatre .The humanities that are also regarded as social sciences include history , anthropology , area studies , communication studies , cultural studies , law , economics and linguistics .Human disciplines like history , cultural anthropology and psychoanalysis study subject matters to which the experimental method does not apply, and they have access instead to the comparative method and comparative research ."
5_ai_original,what classes are considered humanities,ai_original,1,"Humanities are academic disciplines that study the human condition, using methods that are primarily analytical, critical, or speculative, as distinguished from the mainly empirical approaches of the natural sciences. The humanities include ancient and modern languages, literature, philosophy, history, archaeology, anthropology, human geography, law, politics, religion, and art.\n\nSome common examples of classes that are considered to be in the humanities include:\n\nArt history\nClassics (e.g., ancient Greek and Roman culture, language, and literature)\nCommunication\nEnglish (e.g., literature, writing, linguistics)\nHistory\nLanguages (e.g., Spanish, French, German, Chinese)\nLinguistics\nMusic\nPhilosophy\nReligious studies\nTheatre\nIt is worth noting that the boundaries between the humanities and other academic disciplines are not always clear, and there is some overlap with fields such as sociology, psychology, and anthropology."
6_human,where are colors on stoplight,human,0,"In the typical sequence of color phases:the green light allows traffic to proceed in the direction denoted, if it is safe to do sothe yellow/amber light denoting prepare to stop short of the intersection, if it is safe to do sothe red signal prohibits any traffic from proceeding"
6_ai_original,where are colors on stoplight,ai_original,1,"On a typical stoplight, the colors are arranged in a vertical line, with red on top, yellow in the middle, and green on the bottom. The red light is usually used to indicate that a driver should stop, while the yellow light is used as a warning that the light is about to turn red and that the driver should prepare to stop. The green light indicates that it is safe for the driver to proceed. The colors and their meanings are standardized around the world, making it easy for drivers to understand the signals regardless of where they are driving."
7_human,who is flo from progressive,human,0,"Flo is a fictional character who appears in commercials for Progressive Insurance .She is played by actress and comedian Stephanie Courtney , and has a fan base on social networks like Facebook .Flo debuted in 2008 through television commercials and has since appeared in radio advertisements and web banners .As of November 2010, she had appeared in 53 commercials."
7_ai_original,who is flo from progressive,ai_original,1,"Flo is a fictional character and the spokesperson for Progressive Insurance, an American insurance company. Flo is known for her distinctive uniform and perky personality, and has appeared in a series of television commercials for Progressive since 2008. The character was created by the advertising agency Arnold Worldwide, and is portrayed by actress and comedian Stephanie Courtney. Flo is meant to embody the helpful and friendly nature of Progressive, and is often seen assisting customers with their insurance needs in the company's advertisements."
8_human,what happened to george o'malley on grey's anatomy?,human,0,"In 2007, Knight's co-star Isaiah Washington ( Preston Burke ) insulted him with a homophobic slur, which resulted in the termination of Washington's Grey's Anatomy contract.In 2009, after the conclusion of the fifth season , it was confirmed that Knight would not be returning for the show's sixth season .The actor stated the reason for his departure was due to a ""breakdown in communication"" with Rhimes, his character's lack of screen time, as well as his decision to be openly gay .Despite this, his death received mixed feedback."
8_ai_original,what happened to george o'malley on grey's anatomy?,ai_original,1,"In the television series ""Grey's Anatomy,"" the character George O'Malley was played by actor T.R. Knight. The character was killed off in the fifth season of the show, in an episode that aired in 2009.\n\nIn the series, George is hit by a bus while trying to save a stranger, and he dies as a result of his injuries. His death was a significant event in the show, and it had a major impact on the other characters, particularly his close friend and fellow intern, Meredith Grey.\n\nDespite his untimely demise, George O'Malley remains a beloved character in the ""Grey's Anatomy"" universe, and his death is still remembered by fans of the show."
9_human,what makes of the united states,human,0,"The United States of America (USA or U.S.A.), commonly called the United States (US or U.S.) or America, is a federal republic consisting of fifty states and a federal district .The lower forty-eight contiguous states and the federal district of Washington, D.C. are in central North America between Canada and Mexico.The state of Alaska is west of Canada and east of Russia across the Bering Strait, and the state of Hawaii is in the mid-North Pacific.The country also has five populated and nine unpopulated territories in the Pacific and the Caribbean."
9_ai_original,what makes of the united states,ai_original,1,"The United States is a country located in North America. It is made up of 50 states and the District of Columbia, which is the capital city. The states are Alabama, Alaska, Arizona, Arkansas, California, Colorado, Connecticut, Delaware, Florida, Georgia, Hawaii, Idaho, Illinois, Indiana, Iowa, Kansas, Kentucky, Louisiana, Maine, Maryland, Massachusetts, Michigan, Minnesota, Mississippi, Missouri, Montana, Nebraska, Nevada, New Hampshire, New Jersey, New Mexico, New York, North Carolina, North Dakota, Ohio, Oklahoma, Oregon, Pennsylvania, Rhode Island, South Carolina, South Dakota, Tennessee, Texas, Utah, Vermont, Virginia, Washington, West Virginia, Wisconsin, and Wyoming. The United States is a federal constitutional republic, with a president as the head of state and government. It is a diverse and multicultural country, with a rich history and a strong economy."
10_human,what is atherosclerotic heart disease,human,0,"Atherosclerosis (also known as arteriosclerotic vascular disease or ASVD) is a condition in which an artery wall thickens as a result of the accumulation of fatty materials such as cholesterol and triglyceride .It is a syndrome affecting arterial blood vessels , a chronic inflammatory response in the walls of arteries, caused largely by the accumulation of macrophage white blood cells and promoted by low-density lipoproteins (LDL, plasma proteins that carry cholesterol and triglycerides ) without adequate removal of fats and cholesterol from the macrophages by functional high-density lipoproteins (HDL) (see apoA-1 Milano ).It is commonly referred to as a hardening or furring of the arteries.It is caused by the formation of multiple plaques within the arteries."
10_ai_original,what is atherosclerotic heart disease,ai_original,1,"Atherosclerotic heart disease is a type of heart disease that is caused by the buildup of plaque in the arteries that supply blood to the heart. This plaque, which is made up of cholesterol, fatty substances, and other materials, can narrow or block the arteries, reducing the flow of blood and oxygen to the heart. As a result, the heart may not receive enough oxygen and nutrients to function properly, leading to chest pain (angina), shortness of breath, and other symptoms. In severe cases, the lack of blood and oxygen can lead to a heart attack, in which the heart muscle is damaged or dies. Atherosclerotic heart disease is a common condition that can be prevented or managed through lifestyle changes, medication, and other treatments."
11_human,how are antibodies used in,human,0,"An antibody (Ab), also known as an immunoglobulin (Ig), is a large Y-shaped protein produced by B-cells that is used by the immune system to identify and neutralize foreign objects such as bacteria and viruses .The antibody recognizes a unique part of the foreign target, called an antigen .Each tip of the ""Y"" of an antibody contains a paratope (a structure analogous to a lock) that is specific for one particular epitope (similarly analogous to a key) on an antigen, allowing these two structures to bind together with precision.Using this binding mechanism, an antibody can tag a microbe or an infected cell for attack by other parts of the immune system, or can neutralize its target directly (for example, by blocking a part of a microbe that is essential for its invasion and survival)."
11_ai_original,how are antibodies used in,ai_original,1,"Antibodies are proteins produced by the immune system that are used to recognize and neutralize foreign substances, such as bacteria and viruses, in the body. They are an important part of the immune system's response to infection and are also involved in the body's defense against allergens and other foreign substances.\n\nAntibodies can be used in a variety of ways, including:\n\nDiagnostic testing: Antibodies can be used to detect the presence of a specific substance in a sample, such as a virus or bacteria. This is often done through a process called immunoassay, which uses antibodies to specifically bind to the substance being tested for.\n\nTreatment: Antibodies can be used to treat certain diseases, such as cancer or autoimmune disorders. For example, monoclonal antibodies are man-made versions of natural antibodies that can be used to target and neutralize specific substances in the body, such as cancer cells.\n\nResearch: Antibodies can be used in research to study the functions of specific proteins or other substances in the body. For example, researchers may use antibodies to study the role of a particular protein in a particular disease or process.\n\nVaccines: Antibodies can be used in the development of vaccines, which help to stimulate the immune system to produce its own antibodies against a particular disease. This can help to protect against future infection with the disease.\n\nOverall, antibodies play a crucial role in the immune system's ability to protect the body against infection and disease."
12_human,what does the president of the usa do,human,0,"The President of the United States of America (POTUS) is the head of state and head of government of the United States .The president leads the executive branch of the federal government and is the commander-in-chief of the United States Armed Forces .The president is further empowered to grant federal pardons and reprieves , and to convene and adjourn either or both houses of Congress under extraordinary circumstances."
12_ai_original,what does the president of the usa do,ai_original,1,"The President of the United States is the head of the executive branch of the federal government and serves as the commander-in-chief of the military. The president is responsible for enforcing the laws of the United States and has the authority to negotiate treaties and make appointments to the federal government, including the Supreme Court. The president is also responsible for creating and implementing the country's foreign and domestic policies. The president works closely with Congress to pass legislation and plays a significant role in shaping the direction of the country. The president is also responsible for representing the country on the international stage and serving as a symbol of national unity."
13_human,what is reagan known for,human,0,"Domestically, the administration favored reducing government programs and introduced the largest across-the-board tax cuts in American history.Victory in the Cold War led to a unipolar world with the U.S. as the world's sole superpower.Furthermore, says Henry, the consensus viewpoint agrees that he revived faith in the presidency and American self-confidence, and contributed critically to ending the Cold War ."
13_ai_original,what is reagan known for,ai_original,1,"Ronald Reagan was an American politician and actor who served as the 40th President of the United States from 1981 to 1989. He is known for a number of things, including:\n\nHis conservative policies and politics: Reagan was a conservative Republican who implemented a number of policies that reflected his conservative ideology, including tax cuts, deregulation, and a strong military.\n\nThe Reagan Revolution: Reagan's presidency is often referred to as the ""Reagan Revolution"" because of the significant changes he made to government policy and the direction of the country.\n\nThe Cold War: Reagan is known for his role in the Cold War, particularly his efforts to strengthen the United States military and his efforts to bring an end to the Cold War by negotiating with the Soviet Union.\n\nHis charisma and public speaking ability: Reagan was known for his ability to connect with people and his ability to deliver compelling speeches.\n\nHis acting career: Before becoming president, Reagan had a successful career as an actor, appearing in over 50 films."
14_human,how do forensic auditors examine financial reporting,human,0,"The audit opinion is intended to provide reasonable assurance, but not absolute assurance, that the financial statements are presented fairly, in all material respects, and/or give a true and fair view in accordance with the financial reporting framework.The purpose of an audit is provide and objective independent examination of the financial statements, which increases the value and credibility of the financial statements produced by management, thus increase user confidence in the financial statement, reduce investor risk and consequently reduce the cost of capital of the preparer of the financial statements.Financial audits are typically performed by firms of practicing accountants who are experts in financial reporting."
14_ai_original,how do forensic auditors examine financial reporting,ai_original,1,"Forensic auditors are professionals who specialize in investigating financial irregularities, such as fraud or embezzlement. They are often called upon to examine financial reporting in order to identify any discrepancies or anomalies that may indicate wrongdoing.\n\nTo examine financial reporting, forensic auditors may use a variety of methods and techniques, including:\n\nReviewing financial statements and other financial documents: This includes reviewing balance sheets, income statements, cash flow statements, and any other relevant financial documents to ensure that they accurately reflect the financial position of the organization.\n\nAnalyzing transactions and other financial data: Forensic auditors may use specialized software to analyze transactions and other financial data in order to identify patterns or trends that may indicate fraudulent activity.\n\nInterviewing employees and other stakeholders: In order to gather more information about the financial reporting process and identify any potential issues, forensic auditors may interview employees and other stakeholders.\n\nPerforming physical inspections: Forensic auditors may physically inspect assets, such as inventory or equipment, in order to verify their existence and value.\n\nUsing forensic tools and techniques: Forensic auditors may use specialized tools and techniques, such as computer forensics and data analysis, to uncover evidence of financial wrongdoing.\n\nOverall, the goal of forensic auditing is to identify and investigate any financial irregularities in order to protect the interests of the organization and its stakeholders."
15_human,What is Ischemia or infarction?,human,0,"Vascular ischemia of the toes with characteristic cyanosis .In medicine , ischemia, also spelled as ischaemia or ischæmia, (; from Greek language ισχαιμία, ischaimía; isch- root denoting a restriction or thinning or to make or grow thin/lean, haema blood ) is a restriction in blood supply to tissues , causing a shortage of oxygen and glucose needed for cellular metabolism (to keep tissue alive).Ischemia is generally caused by problems with blood vessels , with resultant damage to or dysfunction of tissue."
15_ai_original,What is Ischemia or infarction?,ai_original,1,"Ischemia refers to a reduction in blood flow to a particular tissue or organ. This can be caused by a variety of factors, such as blocked arteries, narrow or damaged blood vessels, or low blood pressure. When ischemia occurs in the brain, it is called a stroke. Ischemia can also occur in other organs, such as the heart (which is called a heart attack or myocardial infarction) or the legs (which is called peripheral artery disease).\n\nInfarction refers to the death of tissue due to a lack of blood flow. This can occur when ischemia is prolonged and the tissue does not receive enough oxygen and nutrients. Infarction is most commonly used to refer to a heart attack, but it can also refer to a stroke or the death of tissue in other organs or limbs.\n\nIschemia and infarction can be serious medical emergencies and can have serious complications if not treated promptly. Treatment may include medications to improve blood flow, such as aspirin or blood thinners, as well as procedures to restore blood flow, such as angioplasty or stenting.\n"
16_human,What is the significance of Good Friday?,human,0,"Good Friday is a religious holiday observed primarily by Christians commemorating the crucifixion of Jesus Christ and his death at Calvary .The holiday is observed during Holy Week as part of the Paschal Triduum on the Friday preceding Easter Sunday , and may coincide with the Jewish observance of Passover .It is also known as Holy Friday, Great Friday, Black Friday, or Easter Friday, though the latter properly refers to the Friday in Easter week ."
16_ai_original,What is the significance of Good Friday?,ai_original,1,"Good Friday is a Christian holiday commemorating the Crucifixion of Jesus Christ and his death at Calvary. It is observed during Holy Week, the week before Easter Sunday, and is a time of fasting, repentance, and prayer for many Christians.\n\nIn the Christian tradition, Good Friday is considered a day of great significance because it marks the day that Jesus, the Son of God, willingly gave up his life for the salvation of humanity. Christians believe that through his death and resurrection, Jesus conquered death and made it possible for all people to have eternal life.\n\nGood Friday is observed in many different ways by Christians around the world. Some may attend church services, participate in prayer vigils, or engage in other forms of devotion and reflection. Many Christian denominations also observe Good Friday as a day of fasting, in which believers abstain from certain foods or activities as a way of remembering Jesus' sacrifice and demonstrating their own devotion to God.\n\nRegardless of how it is observed, Good Friday is an important holiday for many Christians, as it serves as a reminder of the great love and sacrifice of Jesus for humanity."
17_human,what are warehouse spreadsheets used for,human,0,"The data stored in the warehouse are uploaded from the operational systems (such as marketing, sales etc., shown in the figure to the right).The data may pass through an operational data store for additional operations before they are used in the DW for reporting.The access layer helps users retrieve data."
17_ai_original,what are warehouse spreadsheets used for,ai_original,1,"Warehouse spreadsheets are used to track and manage inventory, orders, and other logistical information within a warehouse. They can help warehouse managers and staff keep track of what products are being stored, where they are located, how much of each product is in stock, and when orders need to be fulfilled.\n\nWarehouse spreadsheets can also be used to track the movement of products within the warehouse, such as when products are received, when they are moved to different locations, and when they are shipped out. This information can be used to optimize the efficiency of warehouse operations, reduce the risk of errors, and ensure that orders are fulfilled accurately and on time.\n\nIn addition to tracking logistics and inventory, warehouse spreadsheets can also be used to analyze data and make informed decisions about warehouse operations. For example, a warehouse manager might use a spreadsheet to analyze data on order fulfillment times or shipping errors to identify areas for improvement.\n\nOverall, warehouse spreadsheets are an important tool for managing and optimizing the operations of a warehouse, and they can help ensure that the warehouse runs smoothly and efficiently."
18_human,what is middle class in the us,human,0,"The American middle class is a social class in the United States .Depending on class model used, the middle class may constitute anywhere from 25% to 66% of households.Constituting roughly 15% to 20% of households is the upper or professional middle class consisting of highly educated, salaried professionals and managers."
18_ai_original,what is middle class in the us,ai_original,1,"In the United States, the term ""middle class"" refers to a socio-economic group that falls between the upper class and the lower class. It generally includes people who have a certain level of education and income, as well as a certain level of occupational prestige.\n\nThere is no exact definition of what constitutes the middle class, and the concept can vary depending on the context and the specific criteria used to define it. Some common criteria used to define the middle class include income, education level, occupation, and lifestyle.\n\nAccording to the Pew Research Center, a common definition of the middle class in the United States is a household with an income that is two-thirds to double the national median household income. In 2021, the national median household income was $68,703, so a household with an income of $45,802 to $137,406 would be considered middle class, based on this definition. However, this is just one way to define the middle class, and other definitions and criteria may be used."
19_human,What happened during the Starving Time in Jamestown?,human,0,"Lack of access to water and a relatively dry rain season crippled the agricultural production of the colonists.A fleet from England, damaged by a hurricane, arrived months behind schedule with new colonists, but without expected food supplies.There is scientific evidence that the settlers at Jamestown had turned to cannibalism during the starving time."
19_ai_original,What happened during the Starving Time in Jamestown?,ai_original,1,"The Starving Time was a period of extreme hardship and starvation experienced by the English colonists at Jamestown, the first permanent English settlement in North America, in the winter of 1609-1610.\n\nThe Starving Time occurred during the early years of Jamestown, when the colony was struggling to establish itself and many of the colonists were ill-prepared for the harsh realities of life in the New World. The colonists arrived in Jamestown in May 1607 and immediately began building a fort and houses. However, they were ill-equipped for the harsh climate and environment, and many of them became sick and died from diseases such as dysentery and malaria.\n\nThe Starving Time was caused by a combination of factors, including the failure of the colonists to plant and harvest sufficient food, the destruction of crops by pests, and the loss of supplies due to attacks by Native Americans. As a result, the colonists were forced to rely on whatever food they could find, including roots, berries, and even rats and snakes. Many of the colonists died of starvation, while others resorted to cannibalism in order to survive.\n\nThe Starving Time ended in May 1610, when a supply ship arrived at Jamestown with much-needed provisions. However, the experience had a lasting impact on the colony, as it had been decimated by disease and starvation. It took many years for Jamestown to recover and become a successful settlement."
20_human,how many percent is a basis point,human,0,"1 basis point = 1 permyriad = one one-hundredth percent1 bp = 1 = 0.01% = 0.1‰ = 10−4 = = 0.0001The relationship between percentage changes and basis points can be summarized as follows: 1 percentage point change = 100 basis points, and 0.01 percentage points = 1 basis point."
20_ai_original,how many percent is a basis point,ai_original,1,"A basis point is a unit of measure used in finance to represent a percentage change in the value or rate of something. One basis point is equal to 0.01%, or 1/100th of a percent. For example, if a financial instrument increases in value by 50 basis points, this represents a 0.50% increase.\n\nTo convert from basis points to percent, you can multiply the number of basis points by 0.01. For example, if you want to convert 100 basis points to a percentage, you would multiply 100 by 0.01 to get 1%.\n\nTo convert from percent to basis points, you can multiply the percentage by 100. For example, if you want to convert a 5% increase to basis points, you would multiply 5 by 100 to get 500 basis points.\n\nIn summary, one basis point is equal to 0.01%, or 1/100th of a percent. To convert between basis points and percent, you can use the formulas:\n\nBasis points to percent: (number of basis points) * 0.01 = (percentage)\nPercent to basis points: (percentage) * 100 = (number of basis points)"
21_human,where is testosterone produced,human,0,"Testosterone is a steroid hormone from the androgen group and is found in mammals, reptiles, birds, and other vertebrates .In mammals , testosterone is primarily secreted in the testicles of males and the ovaries of females , although small amounts are also secreted by the adrenal glands .In men, testosterone plays a key role in the development of male reproductive tissues such as the testis and prostate as well as promoting secondary sexual characteristics such as increased muscle , bone mass, and the growth of body hair ."
21_ai_original,where is testosterone produced,ai_original,1,"Testosterone is a hormone produced primarily by the testicles in men and the ovaries in women, although small amounts are also produced by the adrenal glands in both sexes. In men, testosterone is essential for the development and maintenance of male characteristics, such as facial hair, deep voice, and muscle mass. It also plays a role in sexual function, including sex drive and sperm production. Testosterone levels can be measured through a blood test and can be influenced by various factors, including age, diet, and physical activity."
22_human,what does life insurance cover?,human,0,"Life insurance is a contract between an insured (insurance policy holder) and an insurer , where the insurer promises to pay a designated beneficiary a sum of money (the ""benefits"") upon the death of the insured person.Depending on the contract, other events such as terminal illness or critical illness may also trigger payment.Protection policies – designed to provide a benefit in the event of specified event, typically a lump sum payment."
22_ai_original,what does life insurance cover?,ai_original,1,"Life insurance is a type of insurance that pays out a sum of money to a designated beneficiary upon the death of the insured. The purpose of life insurance is to provide financial security and protection for the policyholder's loved ones in the event of the policyholder's death.\n\nThere are several types of life insurance policies, including term life insurance, whole life insurance, and universal life insurance. Each type of policy has its own set of features and benefits, and the coverage provided by a particular policy will depend on the specific terms of the policy.\n\nIn general, life insurance policies can be used to cover a wide range of expenses, including funeral and burial costs, outstanding debts and mortgages, and ongoing living expenses for the policyholder's dependents. Some policies may also provide additional benefits, such as accidental death coverage or long-term care coverage.\n\nIt is important to carefully review the terms of a life insurance policy to understand what is and is not covered, and to make sure that the policy provides the level of protection needed for the policyholder's specific circumstances."
23_human,what does karma mean in buddhism,human,0,"Karma ( Sanskrit , also karman, Pāli : Kamma) means ""action"" or ""doing""; whatever one does, says, or thinks is a karma.In Buddhism , the term karma is used specifically for those actions which spring from the intention (Sanskrit: cetanā , Pali: cetana) of an unenlightened being.As one scholar states, ""the Buddhist theory of action and result (karmaphala) is fundamental to much of Buddhist doctrine, because it provides a coherent model of the functioning of the world and its beings, which in turn forms the doctrinal basis for the Buddhist explanations of the path of liberation from the world and its result, nirvāṇa ."""
23_ai_original,what does karma mean in buddhism,ai_original,1,"In Buddhism, karma refers to the concept of cause and effect. It is the idea that every action, whether physical or mental, has consequences that can affect the future of the person who performed the action.\n\nAccording to the teachings of Buddhism, the consequences of an action are not necessarily determined by a higher power or deity, but rather by the natural laws of the universe. Every action creates a chain of events that can have positive or negative effects on the person who performed the action, as well as on those around them.\n\nIn Buddhist teachings, the consequences of an action are not limited to the present life, but can extend into future lives. This is because Buddhists believe in the concept of reincarnation, in which the consciousness of a person is reborn after death into a new body. Therefore, the actions and choices that a person makes in this life can have an impact on their future lives.\n\nKarma is seen as a natural law, like the law of gravity. It is not a punishment or reward system imposed by a deity, but rather a consequence of one's actions. The goal in Buddhism is not to accumulate good karma, but rather to be mindful of one's actions and to cultivate a compassionate and caring attitude towards all beings, which can ultimately lead to a state of enlightenment."
24_human,what is customary at shiva,human,0,"Shiva () (literally ""seven"") is the week-long mourning period in Judaism for first-degree relatives: father , mother , son , daughter , brother , sister , and spouse .This state lasts for seven days, during which family members traditionally gather in one home (preferably the home of the deceased) and receive visitors.At the funeral, mourners traditionally rend an outer garment, a ritual known as keriah ."
24_ai_original,what is customary at shiva,ai_original,1,"Shiva is a Hindu period of mourning that typically lasts for seven days. During this time, friends and family of the deceased gather at the home of the deceased to offer their condolences, support, and to pay their respects.\n\nThere are a number of customs and traditions that are typically observed during shiva. These may vary depending on the specific beliefs and practices of the individual's family and community. Here are some common customs that are often followed during shiva:\n\nMourners typically sit on low stools or cushions, as a sign of humility and respect for the deceased.\n\nVisitors are expected to offer their condolences and offer words of comfort to the mourners.\n\nIt is customary to cover mirrors in the home during shiva, as a symbol of the absence of the deceased.\n\nThe mourners may recite prayers or passages from religious texts, and may also recite the Kaddish, a Jewish prayer of mourning.\n\nThe mourners may also engage in charitable activities in honor of the deceased, such as making food for the poor or donating to a charity.\n\nIt is customary for the mourners to receive visitors at specific times during the day, usually in the morning and evening.\n\nAt the end of the shiva period, the mourners typically visit the gravesite of the deceased to recite prayers and pay their respects.\n\nIt is important to be respectful and sensitive when participating in shiva, and to follow the customs and traditions of the mourners' family and community."
25_human,what are the characteristics of an ethnic group,human,0,"Ethnicity or ethnic group is a socially defined category based on common culture or nationality .Ethnicity can, but does not have to, include common ancestry , appearance , cuisine , dressing style, heritage , history , language or dialect , religion , symbols , traditions , or other cultural factor.Ethnic identity is constantly reinforced through common characteristics which set the group apart from other groups."
25_ai_original,what are the characteristics of an ethnic group,ai_original,1,"An ethnic group is a group of people who share a common culture, language, history, and ancestry. Some characteristics of an ethnic group include:\n\nCommon ancestry: Ethnic groups are often defined by a common ancestry, which may be based on shared genetic characteristics, cultural traditions, or a shared history.\n\nCulture: Ethnic groups often have their own distinct culture, including language, customs, traditions, and religious practices.\n\nLanguage: Many ethnic groups have their own language or dialect, which is used within the group and passed down from generation to generation.\n\nGeographical concentration: Ethnic groups may be concentrated in certain geographical areas, either within a country or across international borders.\n\nSocial organization: Ethnic groups may have their own social and political organizations, such as community organizations or political parties.\n\nShared experiences: Ethnic groups often share common experiences and challenges, such as discrimination or oppression, which can shape their identity and sense of community."
26_human,when does black friday start for christmas,human,0,"Black Friday is the day following Thanksgiving Day in the United States , often regarded as the beginning of the Christmas shopping season.This was taken to a new extreme in 2011, when several retailers (including Target , Kohl's , Macy's , Best Buy , and Bealls ) opened at midnight for the first time.In 2012, Walmart and several other retailers announced that they would open most of their stores at 8:00 p.m. on Thanksgiving Day (except in states where opening on Thanksgiving is prohibited due to blue laws , such as Massachusetts where they still opened around midnight), prompting calls for a walkout among some workers."
26_ai_original,when does black friday start for christmas,ai_original,1,"Black Friday is a shopping event that takes place on the day after Thanksgiving in the United States. It is traditionally seen as the start of the holiday shopping season, and many retailers offer special promotions and discounts on this day. The exact date of Black Friday varies from year to year, but it is always on the fourth Friday in November. In 2021, Black Friday will be on November 26. It is important to note that Black Friday deals and promotions are often available both in-store and online, and some retailers may start their sales earlier or extend them for a longer period of time."
27_human,what forms seasons,human,0,"A season is a subdivision of the year , marked by changes in weather , ecology , and hours of daylight .Seasons result from the yearly revolution of the Earth around the Sun and the tilt of the Earth's axis relative to the plane of revolution.It is the tilt of the Earth that causes the Sun to be higher in the sky during the summer months which increases the solar flux ."
27_ai_original,what forms seasons,ai_original,1,"Seasons are caused by the tilt of the Earth's axis as it orbits the sun. The Earth's axis is tilted at an angle of about 23.5 degrees relative to its orbit around the sun. This tilt causes different parts of the Earth to receive different amounts of solar energy throughout the year, resulting in the cycle of seasons.\n\nDuring the winter months, the North Pole is tilted away from the sun, causing the northern hemisphere to receive less direct sunlight and experience colder temperatures. Conversely, during the summer months, the North Pole is tilted towards the sun, causing the northern hemisphere to receive more direct sunlight and experience warmer temperatures.\n\nThe same process occurs in the southern hemisphere, but with the opposite seasons. When it is winter in the northern hemisphere, it is summer in the southern hemisphere, and vice versa.\n\nThe length of the seasons and the amount of temperature variation they produce can vary depending on the latitude of a particular location. Locations closer to the poles experience more extreme seasons, with longer, colder winters and shorter, warmer summers. Locations closer to the equator experience less extreme seasons, with more consistent temperatures throughout the year."
28_human,What kind of personality test is the MBTI,human,0,"The Myers-Briggs Type Indicator (MBTI) assessment is a psychometric questionnaire designed to measure psychological preferences in how people perceive the world and make decisions.The MBTI focuses on normal populations and emphasizes the value of naturally occurring differences.Robert Kaplan and Dennis Saccuzzo believe ""the underlying assumption of the MBTI is that we all have specific preferences in the way we construe our experiences, and these preferences underlie our interests, needs, values, and motivation"" (p. 499)."
28_ai_original,What kind of personality test is the MBTI,ai_original,1,"The Myers-Briggs Type Indicator (MBTI) is a self-report personality questionnaire designed to measure psychological preferences in how people perceive the world and make decisions. The test is based on the theory of psychological types developed by Carl Jung and later expanded upon by Katherine Briggs and her daughter, Isabel Briggs Myers.\n\nThe MBTI assessment consists of a series of questions that ask individuals to describe their preferences in various areas, such as how they prefer to interact with others, how they prefer to process information, and how they prefer to make decisions. Based on their responses, individuals are assigned a four-letter code that represents their personality type, such as INTJ (Introverted, Intuitive, Thinking, Judging) or ENFP (Extraverted, Intuitive, Feeling, Perceiving).\n\nThe MBTI is often used in a variety of settings, including education, career counseling, and leadership development. While it has been widely used and is popular in many circles, it has also been the subject of criticism and controversy. Some researchers have questioned the validity and reliability of the MBTI, and it should not be used as the sole basis for making important decisions."
29_human,where does ground pepper come from,human,0,"Black pepper (Piper nigrum) is a flowering vine in the family Piperaceae , cultivated for its fruit , which is usually dried and used as a spice and seasoning .Black pepper is native to south India , and is extensively cultivated there and elsewhere in tropical regions.Currently Vietnam is the world's largest producer and exporter of pepper, producing 34% of the world's Piper nigrum crop as of 2008."
29_ai_original,where does ground pepper come from,ai_original,1,"Ground black pepper is made from the dried, ground fruits of the pepper plant, which is native to India. The pepper plant, also known as Piper nigrum, is a woody, climbing vine that is grown in tropical regions around the world. The fruit of the pepper plant, known as the peppercorn, is harvested when it is ripe and then dried in the sun or by mechanical means. Once dried, the peppercorns are ground into a fine powder to produce ground black pepper. There are other types of pepper as well, such as white pepper and green pepper, which are made from different parts of the pepper plant and processed differently."
30_human,how is rfid tag powered,human,0,"Some tags are powered and read at short ranges (a few meters) via magnetic fields ( electromagnetic induction ).Others use a local power source such as a battery, or else have no battery but collect energy from the interrogating EM field, and then act as a passive transponder to emit microwaves or UHF radio waves (i.e., electromagnetic radiation at high frequencies).Battery powered tags may operate at hundreds of meters."
30_ai_original,how is rfid tag powered,ai_original,1,"RFID tags can be powered in a few different ways:\n\nPassive RFID tags: These tags do not have their own power source and are activated by the radio frequency energy transmitted by the RFID reader. The energy from the reader is used to power the microchip in the tag and transmit the stored data back to the reader.\n\nActive RFID tags: These tags have their own power source, usually a small battery, which is used to power the microchip and transmit the stored data to the reader.\n\nSemi-passive RFID tags: These tags have a small battery that is used to power the microchip, but the tag is still activated by the radio frequency energy transmitted by the reader. The energy from the reader is used to amplify the signal from the tag's microchip, allowing it to be read at a greater distance.\n\nOverall, the power source for an RFID tag depends on the specific type of tag and the intended application."
31_human,where do the mohawks live,human,0,"Kanien'kehá:ka (""People of the Place of Flint"") are an Iroquoian -speaking indigenous people of North America originally from the Mohawk Valley in upstate New York .Their current settlements include areas around Lake Ontario and the St Lawrence River in Canada .Their traditional homeland stretched southward of the Mohawk River , eastward to the Green Mountains of Vermont , westward to the border with the Oneida Nation 's traditional homeland territory, and northward to the St Lawrence River."
31_ai_original,where do the mohawks live,ai_original,1,"The Mohawk people, also known as the Kanien'kehá:ka, are a Native American and First Nations people who originally lived in what is now known as the Northeastern United States and southeastern Canada, specifically in the area around the Mohawk River in present-day New York. They were part of the Iroquois Confederacy, a group of six nations that included the Mohawk, Oneida, Onondaga, Cayuga, Seneca, and Tuscarora.\n\nToday, many Mohawk people still live in this region, particularly in New York and Ontario. However, there are also Mohawk communities in other parts of the United States, Canada, and even internationally."
32_human,how does lsd impact the human body,human,0,"Lysergic acid diethylamide, abbreviated LSD or LSD-25, also known as lysergide ( INN ) and colloquially as acid, is a semisynthetic psychedelic drug of the ergoline family, well known for its psychological effects which can include altered thinking processes, closed and open eye visuals, synesthesia , an altered sense of time and spiritual experiences , as well as for its key role in 1960s counterculture .LSD is non-addictive, is not known to cause brain damage, and has extremely low toxicity relative to dose .However, adverse psychiatric reactions such as anxiety, paranoia, and delusions are possible."
32_ai_original,how does lsd impact the human body,ai_original,1,"LSD (lysergic acid diethylamide) is a powerful psychoactive drug that can produce significant changes in consciousness, perception, and mood. It is known for its ability to alter the user's perception of reality, causing them to see and experience things that are not actually present.\n\nWhen taken, LSD can produce a range of physical and psychological effects that can vary in intensity and duration depending on the individual, the dose, and the environment in which it is taken. Some of the most common effects of LSD include:\n\nAltered senses: Colors may seem more vivid and sounds may be distorted. Time may also appear to slow down or speed up.\n\nHallucinations: Users may see, hear, or feel things that are not real.\n\nChanges in mood: LSD can produce feelings of euphoria, happiness, and excitement, but it can also cause anxiety, fear, and panic.\n\nChanges in perception: Users may have a distorted sense of body image and may feel detached from reality.\n\nChanges in thinking and behavior: Users may have difficulty concentrating, making decisions, and communicating with others.\n\nLSD can also cause a range of physical effects, including dilated pupils, increased heart rate and blood pressure, and changes in body temperature and appetite.\n\nIt is important to note that LSD is a powerful and potentially dangerous drug that can produce unpredictable and potentially harmful effects. It is illegal in many countries, and it is not advisable to use it recreationally. If you or someone you know is experiencing negative effects from LSD or any other drug, it is important to seek help immediately."
33_human,What is an economic feature?,human,0,"Other broad distinctions include those between positive economics (describing ""what is"") and normative economics (advocating ""what ought to be""); between economic theory and applied economics ; between rational and behavioral economics ; and between mainstream economics (more ""orthodox"" and dealing with the ""rationality-individualism-equilibrium nexus"") and heterodox economics (more ""radical"" and dealing with the ""institutions-history-social structure nexus"").Economic analysis may be applied throughout society, as in business , finance , health care , and government, but also to such diverse subjects as crime, education , the family , law , politics , religion , social institutions , war, and science .At the turn of the 21st century, the expanding domain of economics in the social sciences has been described as economic imperialism ."
33_ai_original,What is an economic feature?,ai_original,1,"An economic feature is a characteristic or aspect of an economy that helps to distinguish it from other economies. Economic features can include a wide range of characteristics, such as the type of goods and services that are produced, the level of development of the economy, the level of technological advancement, the level of foreign trade, the level of income and wealth distribution, the type of economic system in place, and the level of government intervention in the economy. Economic features can have significant impacts on the functioning and performance of an economy, and they are often used to compare and contrast different economies."
34_human,how does a dim sum restaurant work,human,0,"Dim sum () refers to a style of Cantonese food prepared as small bite-sized or individual portions of food traditionally served in small steamer baskets or on small plates.Dim sum is also well known for the unique way it is served in some restaurants, wherein fully cooked and ready-to-serve dim sum dishes are carted around the restaurant for customers to choose their orders while seated at their tables.Eating dim sum at a restaurant is usually known in Cantonese as going to ""drink tea"" ( yum cha , 飲茶), as tea is typically served with dim sum."
34_ai_original,how does a dim sum restaurant work,ai_original,1,"In a dim sum restaurant, customers are typically seated at tables and served small plates of food called ""dim sum"" that are traditionally served in steamer baskets or on small plates. The dim sum dishes are usually made up of a variety of steamed or fried dumplings, buns, and other small bites, often with a variety of fillings such as meat, seafood, vegetables, and sweets.\n\nTo order dim sum, customers are typically given a menu or list of dishes to choose from, and they can select as many or as few dishes as they like. The server will then bring the dishes to the table, and the customer pays for the food as it is served.\n\nIn some dim sum restaurants, the server may also push a cart or tray around the restaurant, offering customers a variety of dim sum dishes to choose from. Customers can simply point to the dish they want, and the server will place it on the table.\n\nIn many dim sum restaurants, the atmosphere is lively and social, with friends and families gathering to eat and chat over small plates of food. Dim sum is often served as a shared meal, with everyone at the table trying a little bit of everything."
35_human,how much is 1 tablespoon of water,human,0,This tablespoon has a capacity of about 15 mL.In the USA one tablespoon (measurement unit) is approximately 15 mL; the capacity of an actual tablespoon (dining utensil) ranges from 7 mL to 14 mL.In Australia one tablespoon (measurement unit) is 20 mL.
35_ai_original,how much is 1 tablespoon of water,ai_original,1,"One tablespoon of water is equal to approximately 15 milliliters (mL) or 0.5 fluid ounces (fl oz). However, it's important to note that the exact volume of a tablespoon of water can vary slightly depending on the temperature, humidity, and other factors that can affect the density of the water."
36_human,what are the Declaration and Resolves of the First Continental Congress about,human,0,"The Declaration and Resolves of the First Continental Congress (also known as the Declaration of Colonial Rights, or the Declaration of Rights), was a statement adopted by the First Continental Congress on October 14, 1774, in response to the Intolerable Acts passed by the British Parliament .The Declaration outlined colonial objections to the Intolerable Acts, listed a colonial bill of rights , and provided a detailed list of grievances.It was similar to the Declaration of Rights and Grievances , passed by the Stamp Act Congress a decade earlier."
36_ai_original,what are the Declaration and Resolves of the First Continental Congress about,ai_original,1,"The Declaration and Resolves of the First Continental Congress were a set of statements adopted by the First Continental Congress in 1774. The Congress was a gathering of representatives from the Thirteen Colonies in North America that took place in Philadelphia, Pennsylvania. The Declaration and Resolves were adopted in response to the Intolerable Acts, a series of measures passed by the British Parliament in 1774 that were designed to punish the colonies for the Boston Tea Party and other acts of resistance to British rule.\n\nThe Declaration and Resolves consisted of a series of statements outlining the grievances of the colonies against the British government and calling for the colonies to unite in their efforts to resist British policies. The Declaration and Resolves affirmed the right of the colonies to self-governance and called for the repeal of the Intolerable Acts. They also called for the colonies to boycott British goods and to establish committees of correspondence to coordinate their efforts.\n\nThe Declaration and Resolves were an important step in the lead-up to the American Revolution, as they demonstrated the growing unity and determination of the colonies to resist British rule. They helped to galvanize the colonial movement and set the stage for further action, including the convening of the Second Continental Congress in 1775 and the Declaration of Independence in 1776."
37_human,what are use taxes?,human,0,"A use tax in United States is complementary to sales tax which means, if you buy a Taxable product/services without paying any Sales tax to vendor, you owe use tax.Use tax is also termed as ""Consumption Tax"" or ""Consumer Use Tax"".A use tax is a type of excise tax levied in the United States by numerous state governments."
37_ai_original,what are use taxes?,ai_original,1,"Use tax is a tax on the use of goods or certain services in a jurisdiction where the goods or services are not taxed by the seller. Use tax is generally imposed by a state or local government and is typically calculated at the same rate as the sales tax that would have been charged if the sale had occurred within the jurisdiction. Use tax is intended to level the playing field between in-state and out-of-state sellers and prevent consumers from avoiding sales tax by purchasing goods or services from out-of-state sellers.\n\nUse tax is generally imposed on goods or services that are used, stored, or consumed in the jurisdiction, regardless of where the goods or services were purchased. For example, if a business located in a state with a sales tax buys goods from an out-of-state seller and uses the goods in the state, the business may be required to pay use tax on the purchase.\n\nUse tax may also be imposed on certain services, such as repair or maintenance services, that are performed in the jurisdiction.\n\nIndividual consumers may also be required to pay use tax if they purchase goods or services from out-of-state sellers and use the goods or services in a jurisdiction that imposes a use tax. In some cases, individual consumers may be required to report and pay use tax on their personal income tax return.\n\nIt is important to note that use tax is generally not imposed if the goods or services are taxed by the seller at the time of sale. In other words, use tax is generally not imposed if the seller charges sales tax at the time of sale.\n"
38_human,what it takes aerosmith album,human,0,What It Takes is a power ballad by American hard rock band Aerosmith .It was released in 1990 as the third single from Aerosmith's critically and commercially successful 1989 album Pump .
38_ai_original,what it takes aerosmith album,ai_original,1,"""What It Takes"" is a song by American rock band Aerosmith. It was released as a single in 1989 and was included on the band's album ""Pump,"" which was released in 1989. The song was written by Steven Tyler, Joe Perry, and Desmond Child, and it was produced by Bruce Fairbairn. It was a major hit for the band, reaching the top 40 of the Billboard Hot 100 chart and becoming one of Aerosmith's most well-known and popular songs. The song's lyrics describe the dedication and hard work that it takes to achieve success in the music industry."
39_human,what is extreme right wing,human,0,"The far-right (also known as the extreme right) refers to the highest degree of rightism in right-wing politics .Far right politics involves support of strong or complete social hierarchy in society, and supports supremacy of certain individuals or groups deemed to be innately superior or preferable who are to be more valued than those deemed to be innately inferior or undesirable."
39_ai_original,what is extreme right wing,ai_original,1,"Extreme right wing refers to a political ideology that is characterized by strong support for traditional values, authoritarianism, and a belief in the superiority of certain groups over others. Those who identify with the extreme right wing often hold views that are nationalist, xenophobic, racist, and anti-immigrant. They may also be opposed to progressive social and economic policies, and may support the use of violence or intimidation to achieve their goals. In general, the extreme right wing represents a far-right ideology that is often associated with extremist groups and movements."
40_human,what is in milk,human,0,"Milk is a white liquid produced by the mammary glands of mammals .Early- lactation milk contains colostrum , which carries the mother's antibodies to the baby and can reduce the risk of many diseases in the baby."
40_ai_original,what is in milk,ai_original,1,"Milk is a white, nutrient-rich liquid that is produced by the mammary glands of mammals, including cows, goats, and humans. It is a natural source of many essential nutrients, including proteins, carbohydrates, fat, vitamins, and minerals.\n\nThe main types of proteins found in milk are casein and whey. Casein makes up about 80% of the protein in milk and forms a gel-like substance in the stomach, which helps to slow the digestion of milk. Whey protein, on the other hand, is more easily digested and absorbed by the body.\n\nMilk also contains lactose, which is a type of sugar that provides a source of energy for the body. Lactose intolerance is a condition in which the body is unable to fully digest lactose, leading to symptoms such as bloating, diarrhea, and abdominal pain after consuming milk or milk products.\n\nMilk is also a rich source of fat, with different types of milk containing different amounts of fat. Whole milk contains the highest amount of fat, followed by 2% milk, 1% milk, and skim milk, which has the lowest amount of fat.\n\nIn addition to proteins, carbohydrates, and fat, milk is also a good source of vitamins and minerals, including calcium, vitamin D, and riboflavin. Calcium is important for strong bones and teeth, while vitamin D helps the body to absorb calcium. Riboflavin is a B vitamin that is important for energy metabolism and the maintenance of healthy skin and eyes.\n\nMilk is also a source of several other nutrients, including phosphorus, potassium, and vitamins A, B12, and B6. These nutrients help to support various functions in the body, including the immune system, muscle function, and the maintenance of healthy tissues."
41_human,what is an array in programming,human,0,"In computer science , array programming languages (also known as vector or multidimensional languages) generalize operations on scalars to apply transparently to vectors , matrices , and higher dimensional arrays.Array programming primitives concisely express broad ideas about data manipulation."
41_ai_original,what is an array in programming,ai_original,1,"In programming, an array is a data structure that stores a collection of items. The items can be of the same data type (e.g., an array of integers) or of different data types (e.g., an array of mixed data types).\n\nAn array is a sequence of variables that are stored together and can be accessed by an index. For example, an array of integers might contain the values [1, 2, 3, 4, 5]. In this array, the integer 1 can be accessed by its index, which is 0, the integer 2 can be accessed by its index, which is 1, and so on.\n\nArrays are useful for storing and manipulating data in a structured way. They allow you to store and access large amounts of data efficiently, and they provide a simple way to loop through and manipulate the data.\n\nThere are different types of arrays in different programming languages, and they may have different syntax and features. However, the basic concept of an array is the same across programming languages."
42_human,when was malcolm x assassinated,human,0,"Malcolm X (; May 19, 1925February 21, 1965), born Malcolm Little and also known as El-Hajj Malik El-Shabazz (), was an African-American Muslim minister and human rights activist.In February 1965, less than a year after leaving the Nation of Islam, he was assassinated by three members of the group."
42_ai_original,when was malcolm x assassinated,ai_original,1,"Malcolm X was assassinated on February 21, 1965. He was shot and killed while giving a speech at the Audubon Ballroom in New York City. Malcolm X was a prominent civil rights leader and activist who advocated for the rights of Black Americans. His ideas and teachings had a significant impact on the civil rights movement and continue to be influential to this day."
43_human,what is the role of heredity,human,0,Heredity is the passing of traits to offspring from its parents or ancestor.This is the process by which an offspring cell or organism acquires or becomes predisposed to the characteristics of its parent cell or organism.
43_ai_original,what is the role of heredity,ai_original,1,"Heredity is the passing on of traits from parents to their offspring through their genes. Genes are the units of heredity and are responsible for the inherited characteristics that make up an individual's traits. These traits can include physical characteristics such as eye color and height, as well as other characteristics such as intelligence and personality.\n\nHeredity plays a significant role in determining an individual's traits, as the genes that are passed on from the parents contribute to the development of the individual. However, it is important to note that the environment in which an individual grows up can also play a role in their development and can influence the expression of their inherited traits.\n\nIn summary, heredity is the process by which traits are passed on from one generation to the next through the genes inherited from the parents. These inherited traits can influence an individual's physical and behavioral characteristics."
44_human,what is lean manufacturing and who developed,human,0,"Lean manufacturing, lean enterprise, or lean production, often simply, ""Lean,"" is a production practice that considers the expenditure of resources for any goal other than the creation of value for the end customer to be wasteful, and thus a target for elimination.Lean manufacturing is a management philosophy derived mostly from the Toyota Production System (TPS) (hence the term Toyotism is also prevalent) and identified as ""Lean"" only in the 1990s."
44_ai_original,what is lean manufacturing and who developed,ai_original,1,"Lean manufacturing is a production philosophy that emphasizes the minimization of waste and the maximization of value. The goal of lean manufacturing is to create a highly efficient and effective production process that delivers the highest quality products to customers in the shortest time possible, while using the least amount of resources.\n\nLean manufacturing was developed by Toyota Motor Corporation in the 1950s, based on the principles of the Toyota Production System (TPS). TPS was developed by Taiichi Ohno, who is often referred to as the father of lean manufacturing. The TPS is a manufacturing approach that aims to eliminate waste, reduce variability, and increase efficiency by standardizing work processes and continuously improving them.\n\nOver the years, the principles of lean manufacturing have been adopted by a wide range of industries, including automotive, aerospace, healthcare, and electronics. The concept has also been applied to service industries, such as banking, insurance, and government agencies, to improve efficiency and effectiveness."
45_human,what is metformin used for,human,0,"Metformin ( BP , pronounced , ; originally sold as Glucophage) is an oral antidiabetic drug in the biguanide class.It is the first-line drug of choice for the treatment of type 2 diabetes , in particular, in overweight and obese people and those with normal kidney function."
45_ai_original,what is metformin used for,ai_original,1,"Metformin is a medication that is used to treat type 2 diabetes. It belongs to a class of medications called biguanides. Metformin works by decreasing the amount of sugar produced by the liver and increasing the sensitivity of muscle cells to insulin, which helps the body use sugar more effectively. It is usually taken orally in the form of a tablet or liquid, and is usually taken once or twice a day with meals. Metformin is often used in combination with other medications and lifestyle changes, such as diet and exercise, to lower blood sugar levels in people with type 2 diabetes. It is also sometimes used off-label to treat other conditions, such as polycystic ovary syndrome (PCOS) and non-alcoholic fatty liver disease (NAFLD)."
46_human,what is the cabin pressure of us airlines,human,0,The pressurization controls on a Boeing 737-800Cabin pressurization is used to create a safe and comfortable environment for aircraft passengers and crew flying at high altitude by pumping conditioned air into the cabin .
46_ai_original,what is the cabin pressure of us airlines,ai_original,1,"The cabin pressure on most commercial airliners in the United States is typically maintained at a pressure equivalent to an altitude of around 8,000 feet (2,438 meters) above sea level. This is done to help passengers feel more comfortable during the flight by reducing the effects of the high altitude on the human body. The cabin is pressurized to this level to make it easier to breathe and to reduce the risk of altitude-related health issues such as hypoxia. The actual cabin pressure will vary slightly depending on the specific aircraft and the altitude at which it is flying. Some newer aircraft have pressurized cabins that are maintained at an even lower altitude equivalent, such as around 6,000 feet (1,829 meters)."
47_human,what food is in afghan,human,0,"Afghan cuisine is largely based upon the nation's chief crops; cereals like wheat , maize , barley and rice .Accompanying these staples are dairy products ( yogurt and whey ), various nuts , and native vegetables, as well as fresh and dried fruits; Afghanistan is well known for its grapes ."
47_ai_original,what food is in afghan,ai_original,1,"Afghanistan has a rich and varied culinary tradition that is influenced by its history and its geographic location at the crossroads of Central and South Asia. Some common foods in Afghanistan include:\n\nKabuli palaw: a rice dish made with steamed basmati rice, lamb or chicken, and a variety of spices, including cumin, coriander, and cardamom.\n\nQabili palaw: a rice dish made with raisins, carrots, and lamb or chicken, and flavored with a variety of spices, including cumin, coriander, and cardamom.\n\nAshak: a type of dumpling filled with leeks, scallions, and ground meat, and served with a spicy tomato-based sauce.\n\nMantu: a type of dumpling filled with ground meat and onions, and served with a yogurt-based sauce.\n\nKofta: meatballs made with ground lamb or beef, mixed with spices and herbs, and often served with a tomato-based sauce.\n\nKabuli chana: a dish made with chickpeas, tomatoes, onions, and a variety of spices, including cumin, coriander, and turmeric.\n\nNaan: a type of flatbread made with flour, water, and yogurt, and often cooked in a tandoor oven.\n\nChai: a type of tea made with black tea, milk, and spices, including cardamom, cinnamon, and cloves.\n\nQeema: a dish made with minced meat, onions, and a variety of spices, including cumin, coriander, and turmeric.\n\nBaklava: a sweet pastry made with layers of filo dough, filled with nuts and sweetened with honey or syrup."
48_human,what is the function of the liver,human,0,"It has a wide range of functions, including detoxification , protein synthesis , and production of biochemicals necessary for digestion .This organ plays a major role in metabolism and has a number of functions in the body, including glycogen storage, decomposition of red blood cells, plasma protein synthesis, hormone production, and detoxification."
48_ai_original,what is the function of the liver,ai_original,1,"The liver is a vital organ located in the upper right side of the abdomen. It has a number of important functions, including:\n\nDetoxification: The liver helps to filter harmful substances from the blood, such as drugs, alcohol, and waste products.\n\nDigestion: The liver produces bile, a substance that helps to digest fats and absorb fat-soluble vitamins.\n\nMetabolism: The liver plays a key role in the body's metabolism, helping to convert stored glycogen into glucose and breaking down fats and proteins.\n\nStorage: The liver stores important nutrients, such as iron and vitamins, as well as excess glucose in the form of glycogen.\n\nBlood clotting: The liver produces proteins that are involved in the blood clotting process.\n\nOverall, the liver is an essential organ that performs a wide range of important functions in the body."
49_human,what kind of cut is tri tip,human,0,"The tri-tip is a cut of beef from the bottom sirloin primal cut .It is a small triangular muscle , usually 1.5 to 2.5 lbs. (675 to 1,150g) per side of beef."
49_ai_original,what kind of cut is tri tip,ai_original,1,"Tri-tip is a cut of beef from the bottom sirloin section of the cow. It is a triangular-shaped muscle that is lean and flavorful, and it is typically grilled or roasted. It is a popular cut of beef in the United States, especially on the West Coast, and it is often served thinly sliced and served in sandwiches or on salads. It is also sometimes referred to as triangle steak, sirloin tip, or bottom sirloin roast."
50_human,"What was ""Freedom Summer""?",human,0,"Freedom Summer (also known as the Mississippi Summer Project) was a campaign in the United States launched in June 1964 to attempt to register as many African American voters as possible in Mississippi , which had historically excluded most blacks from voting.The project also set up dozens of Freedom Schools, Freedom Houses, and community centers in small towns throughout Mississippi to aid the local black population."
50_ai_original,"What was ""Freedom Summer""?",ai_original,1,"""Freedom Summer"" was a campaign in the United States in 1964 to register African American voters in Mississippi. It was organized by civil rights organizations, including the Student Nonviolent Coordinating Committee (SNCC) and the Congress of Racial Equality (CORE), and was supported by the National Association for the Advancement of Colored People (NAACP).\n\nDuring the summer of 1964, hundreds of student volunteers from around the country, both black and white, traveled to Mississippi to work on voter registration and other civil rights issues. The campaign was met with violent resistance from segregationist whites, and several Freedom Summer activists were killed or went missing. Despite the challenges and dangers, the campaign was successful in increasing voter registration among African Americans in Mississippi and helped to pave the way for the Voting Rights Act of 1965."
51_human,what is vitamin a for,human,0,"Vitamin A has multiple functions, it is important for growth and development, for the maintenance of the immune system and good vision.Vitamin A is needed by the retina of the eye in the form of retinal , which combines with protein opsin to form rhodopsin the light-absorbing molecule , that is necessary for both low-light ( scotopic vision) and color vision ."
51_ai_original,what is vitamin a for,ai_original,1,"Vitamin A is an essential nutrient that plays a key role in maintaining good health. It is important for a number of functions in the body, including vision, immune system function, and the maintenance of healthy skin and mucous membranes. Vitamin A is also important for the proper development and function of the eyes, bones, and other organs.\n\nThere are two forms of vitamin A: preformed vitamin A, which is found in animal-derived foods such as meat, dairy products, and eggs, and provitamin A, which is found in plant-based foods such as fruits and vegetables. The body can convert provitamin A into preformed vitamin A, but this process is not very efficient.\n\nVitamin A deficiency can lead to a number of health problems, including poor vision, weak immune function, and dry, scaly skin. It is important to get enough vitamin A in your diet to maintain good health."
52_human,what causes thunder sound,human,0,"Thunder is the sound caused by lightning .In turn, this expansion of air creates a sonic shock wave, similar to a sonic boom , which produces the sound of thunder, often referred to as a clap, crack, or peal of thunder."
52_ai_original,what causes thunder sound,ai_original,1,"Thunder is the sound produced by lightning. When lightning occurs, a channel of hot plasma (a type of ionized gas) is created in the air. This plasma channel is very hot and expands rapidly, creating a shock wave. The shock wave travels through the air as a sound wave, and when it reaches your ears, you hear it as thunder.\n\nThe intensity of the thunder depends on the intensity of the lightning and the distance between the lightning and the observer. Thunder is typically much louder than the sound of the shock wave created by the lightning, because the thunder is created by the shock wave traveling through the air. The sound of the thunder can be heard from much further away than the light from the lightning, because the speed of sound is much slower than the speed of light."
53_human,what countries are in cono sur,human,0,"Although geographically this includes Southern and part of Southeast ( São Paulo ) of Brazil , in terms of political geography the Southern cone has traditionally comprised Argentina , Chile , Paraguay , and Uruguay .In the narrowest sense, it only covers Argentina , Chile and Uruguay , bounded on the north by the states of Brazil, Paraguay, Bolivia and Peru, on the west by the Pacific Ocean, and south to the junction between the Pacific and Atlantic Oceans, which it is the closest continental area of Antarctica (1000 km)."
53_ai_original,what countries are in cono sur,ai_original,1,"The Cono Sur is a region in South America that includes the following countries:\n\nArgentina\nBolivia\nChile\nParaguay\nPeru\nUruguay\nThe name ""Cono Sur"" means ""Southern Cone"" in Spanish and refers to the shape of the region, which is roughly cone-shaped. The Cono Sur is located in the southern part of South America and is known for its diverse culture, beautiful landscapes, and rich history."
54_human,what do jehovah witnesses believe,human,0,"Jehovah's Witnesses' beliefs are based on their interpretations of the Bible and they prefer to use their own translation, the New World Translation of the Holy Scriptures .They believe that the destruction of the present world system at Armageddon is imminent, and that the establishment of God's kingdom on earth is the only solution for all problems faced by mankind."
54_ai_original,what do jehovah witnesses believe,ai_original,1,"Jehovah's Witnesses are a Christian denomination known for their door-to-door evangelism and their refusal to participate in military service or certain patriotic ceremonies. They believe that the Bible is the inspired word of God and that it provides the basis for their beliefs and practices.\n\nHere are some of the key beliefs of Jehovah's Witnesses:\n\nGod is the supreme being and the creator of the universe. He is known by the name Jehovah.\n\nJesus Christ is the Son of God and the savior of humanity. He was resurrected after his death and now serves as the mediator between God and humanity.\n\nThe Holy Spirit is a force that helps believers understand the truth and live according to God's will.\n\nThe Bible is the ultimate source of truth and authority. It should be read, studied, and followed in order to have a relationship with God.\n\nThe end of the world, or ""Armageddon,"" is coming soon. Only a small group of believers, known as the ""anointed,"" will be resurrected to live forever in a paradise on earth. The rest of humanity will have the opportunity to be resurrected and live forever in a perfect world.\n\nJehovah's Witnesses practice baptism by immersion and observe the Lord's Supper, or Communion, as symbols of their commitment to God.\n\nJehovah's Witnesses do not celebrate Christmas, Easter, or birthdays, as they believe that these holidays have pagan origins and are not supported by the Bible.\n\nJehovah's Witnesses believe that it is important to evangelize and share their beliefs with others in order to bring them to a knowledge of the truth."
55_human,what country is turkey in,human,0,"Turkey (), officially the Republic of Turkey , is a transcontinental country , located mostly on Anatolia in Western Asia and on East Thrace in Southeastern Europe .Turkey is bordered by eight countries: Bulgaria to the northwest; Greece to the west; Georgia to the northeast; Armenia , Iran and the Azerbaijani exclave of Nakhchivan to the east; and Iraq and Syria to the southeast."
55_ai_original,what country is turkey in,ai_original,1,"Turkey is a country located in the Middle East and Southeast Europe. It is situated at the crossroads of Europe and Asia, with a small portion of its territory (3%) in Europe and the majority (97%) in Asia. Turkey is bordered by eight countries: Bulgaria to the northwest, Greece to the west, Georgia to the northeast, Armenia, Azerbaijan, and Iran to the east, Iraq and Syria to the southeast. The country has a long and varied history, with roots that go back to ancient civilizations such as the Hittites, Persians, and Romans. Today, Turkey is a modern, democratic, and secular nation with a diverse population and a rich cultural heritage."
56_human,what is honey bee propolis,human,0,"Propolis as hive sealingPropolis is a resinous mixture that honey bees collect from tree buds, sap flows, or other botanical sources."
56_ai_original,what is honey bee propolis,ai_original,1,"Honey bee propolis is a sticky, resinous substance that honey bees collect from plants and trees. It is used by bees to seal gaps in the hive, protect against disease, and deter predators. Propolis is composed of a mixture of plant resins, waxes, and other compounds that vary depending on the plants and trees that the bees visit. It is known for its antimicrobial and antioxidant properties, and has been used in traditional medicine for centuries. Some people use propolis as a natural remedy for a variety of ailments, such as wounds, infections, and inflammation. However, there is limited scientific evidence to support these uses, and more research is needed to fully understand the potential health benefits of propolis."
57_human,when was the lady gaga judas song released,human,0,"Judas is a song by American recording artist Lady Gaga , from her second studio album Born This Way (2011).It was released by Interscope Records on April 15, 2011, four days ahead of its scheduled release."
57_ai_original,when was the lady gaga judas song released,ai_original,1,"""Judas"" is a song by Lady Gaga, released as a single on April 15, 2011. It was included on her second studio album, ""Born This Way,"" which was released on May 23, 2011. The song was written by Lady Gaga and RedOne, and it was produced by RedOne. The song has a dance-pop and electropop sound, and it features a number of religious themes and references. It received mixed reviews upon its release, but it was a commercial success, reaching the top 40 of several music charts around the world."
58_human,what was the cash and carry lend lease,human,0,"The Lend Lease act was an act where the United States had supported its allies.Lend-Lease () was the law that started a program under which the United States of America supplied the United Kingdom , the USSR , Republic of China , Free France , and other Allied nations with materiel between 1941 and 1945."
58_ai_original,what was the cash and carry lend lease,ai_original,1,"The Lend-Lease Act was a program implemented by the United States during World War II in which the US provided aid, including military equipment, food, and other supplies, to countries fighting against the Axis powers. The act allowed the US to lend or lease these materials to other countries without requiring immediate payment, with the expectation that the recipient countries would repay the loans after the war ended. The Lend-Lease Act was seen as an important factor in the Allied victory in World War II.\n\nOne aspect of the Lend-Lease Act was the ""cash and carry"" provision, which allowed countries that were able to pay for the materials they received to do so on a cash basis, rather than having to accept the materials as a loan. This provision was implemented in order to ensure that the US was not providing aid to countries that were not actively contributing to the war effort. It also helped to ensure that the US was not overextending itself financially by providing too much aid to other countries."
59_human,what area code is 217,human,0,"Area code 217 is the North American telephone area code for much of western and central Illinois .The 217 area includes Illinois' capital , Springfield , plus Champaign , Urbana , Decatur , Danville , Quincy , and Rantoul ."
59_ai_original,what area code is 217,ai_original,1,"Area code 217 is an area code in the North American Numbering Plan (NANP) for the central part of the state of Illinois, including the cities of Champaign, Decatur, and Springfield. It was one of the original area codes established in 1947, and it covers an area that includes the following counties: Cass, Christian, Clark, Coles, Cumberland, De Witt, Douglas, Edgar, Effingham, Fayette, Ford, Greene, Jasper, Logan, Macon, Macoupin, Mason, Menard, Moultrie, Piatt, Sangamon, Schuyler, Shelby, and Vermilion."
60_human,how many grams in a troy ounce of gold,human,0,"There are 12 troy ounces per troy pound, rather than the 16 ounces per pound found in the more common avoirdupois system .The troy ounce is 480 grains, compared with the avoirdupois ounce, which is 4371⁄2 grains."
60_ai_original,how many grams in a troy ounce of gold,ai_original,1,A troy ounce is a unit of weight used to measure precious metals and gemstones. One troy ounce is equal to 31.103 grams. This means that a troy ounce of gold weighs 31.103 grams.
61_human,what is sodium hypochlorite solution,human,0,"Sodium hypochlorite is a chemical compound with the formula NaClO.Sodium hypochlorite solution, commonly known as bleach or liquid bleach, is frequently used as a disinfectant or a bleaching agent."
61_ai_original,what is sodium hypochlorite solution,ai_original,1,"Sodium hypochlorite is a chemical compound that is often used as a disinfectant or bleach. It is a clear, slightly yellowish solution with a strong, chlorine-like odor. It is commonly known as ""chlorine bleach"" and is used to kill germs, bacteria, and other microorganisms on surfaces and in water. It is often used in households to clean and sanitize laundry, dishes, and surfaces. It is also used in swimming pools to kill bacteria and algae. Sodium hypochlorite is a strong oxidizing agent and can be corrosive to certain materials. It should be handled with caution and stored in a cool, dry place."
62_human,"WHERE IS ROUGH AND READY, CA",human,0,"Rough and Ready is a census-designated place in Nevada County, California , United States .It is located west of Grass Valley, California , approximately 62 miles (100 km) from Sacramento ."
62_ai_original,"WHERE IS ROUGH AND READY, CA",ai_original,1,"Rough and Ready, California is a small unincorporated community located in Nevada County, California, United States. It is situated in the Sierra Nevada mountain range, about 25 miles (40 km) northeast of the city of Grass Valley. The community is named after General Zachary Taylor, whose nickname was ""Old Rough and Ready."" It was founded in the mid-1800s during the California Gold Rush, and at one time was home to a thriving mining industry. Today, Rough and Ready is a small community with a population of about 1,000 people. It is located off of State Route 20, which runs through the heart of the community."
63_human,what does the family leave act,human,0,"The Family and Medical Leave Act of 1993 (FMLA) is a United States federal law requiring covered employers to provide employees job-protected and unpaid leave for qualified medical and family reasons.Qualified medical and family reasons include: personal or family illness, family military leave, pregnancy , adoption , or the foster care placement of a child."
63_ai_original,what does the family leave act,ai_original,1,"The Family and Medical Leave Act (FMLA) is a federal law that provides certain employees with up to 12 weeks of unpaid, job-protected leave per year for certain family and medical reasons, including:\n\nThe birth, adoption, or foster care placement of a child\nThe care of a spouse, child, or parent who has a serious health condition\nA serious health condition that makes the employee unable to perform their job\nTo be eligible for FMLA leave, an employee must have worked for their employer for at least 12 months, have worked at least 1,250 hours over the past 12 months, and work at a location where the company employs at least 50 employees within 75 miles.\n\nThe FMLA requires that the employer continue to provide health insurance for the employee during the leave period, and that the employee be allowed to return to the same or an equivalent job upon their return from leave. The FMLA applies to all public agencies, including local, state, and federal employers, as well as private sector employers who employ 50 or more employees."
64_human,how does a solid state drive work,human,0,"It uses an external power supply to make the DRAM non-volatile.A solid-state drive (SSD) (also known as a solid-state disk or electronic disk, though it contains no actual ""disk"" of any kind) is a data storage device using integrated circuit assemblies as memory to store data persistently ."
64_ai_original,how does a solid state drive work,ai_original,1,"A solid state drive (SSD) is a type of storage device that uses NAND-based flash memory to store data. It is called a ""solid state"" drive because it has no moving parts, in contrast to a traditional hard disk drive (HDD) which stores data on rapidly spinning disks.\n\nHere's how an SSD works:\n\nData is written to the SSD by the host device (e.g. a computer) using a process called programming. This involves electrically charging specific cells on the NAND flash memory chips to represent 1s or 0s.\n\nThe SSD controller manages the data on the NAND chips and handles all read and write operations. It includes an embedded processor and firmware that handle tasks such as wear leveling (distributing writes evenly across the NAND chips to extend their life) and error correction.\n\nTo read data from the SSD, the host device sends a request to the SSD controller, which accesses the data on the NAND chips and sends it back to the host.\n\nWhen the SSD is full and there is no more room to write new data, the SSD controller can perform a process called ""garbage collection"" to free up space. This involves moving data from used cells to free cells and then erasing the used cells so they can be re-written with new data.\n\nOverall, an SSD provides faster data access and transfer speeds than an HDD because it has no moving parts and can access data directly from the NAND chips. It is also more durable and reliable because it has no mechanical parts that can fail."
65_human,what is primary medicine,human,0,Primary care may be provided in community health centres.Primary care is the health care given by a health care provider .
65_ai_original,what is primary medicine,ai_original,1,"Primary medicine, also known as primary care, is the first point of contact that a patient has with the healthcare system. It is the first level of medical care that a person receives, and it is typically provided by a general practitioner, family physician, or a nurse practitioner. Primary care practitioners are responsible for providing a wide range of healthcare services to patients, including preventive care, diagnosis and treatment of common medical conditions, and management of chronic conditions. They are also responsible for coordinating a patient's care with other healthcare providers, as needed. Primary care is an important component of the healthcare system because it helps to ensure that patients receive timely and appropriate care, and it can help to prevent or manage more serious health conditions."
66_human,where is loxahatchee fl at,human,0,"Loxahatchee is a community located in Palm Beach County , Florida , United States .It is located in the areas north of Wellington and west and northwest of Royal Palm Beach, Florida and approximately west of West Palm Beach."
66_ai_original,where is loxahatchee fl at,ai_original,1,"Loxahatchee is a small town located in Palm Beach County, Florida, United States. It is situated about 45 miles north of Miami and about 20 miles west of West Palm Beach. It is known for its natural beauty, with many parks and preserves areas, and is home to the Loxahatchee National Wildlife Refuge, a protected area for endangered and threatened species. Loxahatchee is also located near many popular attractions, such as Lion Country Safari, the Palm Beach Zoo, and the Morikami Museum and Japanese Gardens."
67_human,HOW MANY STRIPES ARE ON THE AMERICAN FLAG,human,0,"The national flag of the United States of America , often simply referred to as the American flag, consists of thirteen equal horizontal stripes of red (top and bottom) alternating with white, with a blue rectangle in the canton (referred to specifically as the ""union"") bearing fifty small, white, five-pointed stars arranged in nine offset horizontal rows of six stars (top and bottom) alternating with rows of five stars.The 50 stars on the flag represent the 50 states of the United States of America and the 13 stripes represent the thirteen British colonies that declared independence from the Kingdom of Great Britain and became the first states in the Union."
67_ai_original,HOW MANY STRIPES ARE ON THE AMERICAN FLAG,ai_original,1,"There are 13 stripes on the American flag. The stripes represent the original 13 colonies that declared independence from Great Britain and formed the United States. The flag has 50 stars, which represent the 50 states of the United States. The stars are arranged in nine rows of five stars each on a blue field in the upper left corner of the flag. The red and white stripes are arranged horizontally, with seven red stripes and six white stripes. The colors red, white, and blue were chosen for the American flag because they were the colors of the Great Seal of the United States, which was adopted in 1782."
68_human,what does base jumping stand for,human,0,"BASE jumping, also sometimes written as B.A.S.E. jumping, is an activity where participants jump from fixed objects and use a parachute to break their fall.BASE is an acronym that stands for four categories of fixed objects from which one can jump: buildings , antennas , spans ( bridges ), and earth ( cliffs )."
68_ai_original,what does base jumping stand for,ai_original,1,"Base jumping stands for ""building, antenna, span, and earth,"" which refers to the four types of fixed objects that base jumpers jump from. Base jumping is a type of extreme sports in which participants jump from a fixed structure or object, such as a building, antenna, bridge, or cliff, and parachute down to the ground. It is considered an extremely dangerous activity, as there is a high risk of injury or death due to the high speeds and altitudes involved. Base jumpers must have specialized training and equipment to participate in the sport, and it is often illegal due to the risks involved."
69_human,what does Gringo mean,human,0,"Gringo (, , ) is a slang Spanish and Portuguese word used in Ibero-America , to denote foreigners, often from the United States .The term can be applied to someone who is actually a foreigner, or it can denote a strong association or assimilation into foreign (particularly US) society and culture."
69_ai_original,what does Gringo mean,ai_original,1,"The term ""gringo"" is a Spanish word that is often used to refer to a foreigner, particularly someone from the United States. It is not a term that is used in a particularly respectful or polite way, and some people may find it offensive. The exact origins of the word are uncertain, but it is thought to have originated in the 19th century, and it may be derived from the Spanish word ""griego,"" which means ""Greek."" Some people believe that the term ""gringo"" was originally used to describe Americans because they spoke Spanish with a Greek-like accent. In general, it is best to avoid using this term to refer to someone, as it can be perceived as rude or insulting."
70_human,what is dmitri mendeleev 4,human,0,"Dmitri Ivanovich Mendeleev (; 8 February 1834 – 2 February 1907 O.S. 27 January 1834 – 20 January 1907) was a Russian chemist and inventor.He formulated the Periodic Law, created his own version of the periodic table of elements , and used it to correct the properties of some already discovered elements and also to predict the properties of elements yet to be discovered!"
70_ai_original,what is dmitri mendeleev 4,ai_original,1,"Dmitri Mendeleev was a Russian chemist and inventor who is best known for creating the periodic table of elements. The periodic table is a chart that arranges the elements in order of increasing atomic number and groups them according to their chemical properties. Mendeleev's periodic table, which he published in 1869, helped to organize and understand the relationships between the different elements, and it remains an important tool for chemists today. Mendeleev also made significant contributions to the fields of metallurgy, geology, and economics, and he is considered one of the founders of modern chemistry."
71_human,how many times has a player hit for the cycle,human,0,"Cycles are uncommon in Major League Baseball (MLB), and have occurred 294 times since the first by Curry Foley in 1882.The cycle is roughly as common as a no-hitter (279 occurrences in MLB history); it has been called ""one of the rarest"" and ""most difficult feats"" in baseball."
71_ai_original,how many times has a player hit for the cycle,ai_original,1,"In Major League Baseball (MLB), a player has hit for the cycle, also known as a ""natural cycle,"" when they hit a single, double, triple, and home run in the same game. Hitting for the cycle is a relatively rare feat, and it has been accomplished by numerous players throughout the history of MLB. According to Baseball Almanac, there have been 305 players in MLB history who have hit for the cycle."
72_human,what is the disease osteonecrosis of the jaw?,human,0,"Osteonecrosis of the jaw (ONJ) is a severe bone disease that affects the maxilla and the mandible .Osteonecrosis of the jaws associated with bisphosphonate therapy, required by some cancer treatment regimens, has been identified and defined as a pathological entity since 2003."
72_ai_original,what is the disease osteonecrosis of the jaw?,ai_original,1,"Osteonecrosis of the jaw, also known as jawbone death, is a condition in which the jawbone tissue dies due to a lack of blood flow. It can be a side effect of certain medical treatments, such as chemotherapy or radiation therapy, or it can occur due to other underlying conditions, such as diabetes or kidney disease. Osteonecrosis of the jaw can also be caused by dental procedures that involve the extraction of teeth or the placement of dental implants.\n\nSymptoms of osteonecrosis of the jaw may include pain in the jaw, loose teeth, exposed bone, and difficulty eating and speaking. Treatment may involve antibiotics to treat any infection, medications to improve blood flow, and surgery to remove dead bone tissue and repair the jaw. It is important to seek medical attention if you have any symptoms of osteonecrosis of the jaw, as the condition can cause significant functional and aesthetic problems if left untreated."
73_human,what is the fundamental theorem of calculus used for,human,0,"The fundamental theorem of calculus is a theorem that links the concept of the derivative of a function with the concept of the integral .The first part of the theorem, sometimes called the first fundamental theorem of calculus, shows that an indefinite integration can be reversed by a differentiation."
73_ai_original,what is the fundamental theorem of calculus used for,ai_original,1,"The Fundamental Theorem of Calculus is a mathematical theorem that establishes a relationship between the two main branches of calculus: differential calculus and integral calculus. It is used to evaluate definite integrals, which are used to represent the area under a curve or the volume of a solid of revolution. It is also used to find the average value of a function over a given interval, to solve optimization problems, and to find the work done by a force along a curve. Additionally, the Fundamental Theorem of Calculus is used in the solution of differential equations, which are used to model many real-world phenomena, such as the motion of a projectile or the spread of a disease."
74_human,how many muscles in the body,human,0,"There are approximately 642 skeletal muscles within the typical human, and almost every muscle constitutes one part of a pair of identical bilateral muscles, found on both sides, resulting in approximately 320 pairs of muscles, as presented in this article.Examples range from 640 to 850."
74_ai_original,how many muscles in the body,ai_original,1,"There are more than 600 muscles in the human body. These muscles can be divided into different categories based on their location and function.\n\nThere are three main types of muscles in the body:\n\nSkeletal muscles: These muscles are attached to the bones and are responsible for movement. They are also known as voluntary muscles because we have control over them and can consciously move them.\n\nCardiac muscles: These muscles are found in the heart and are responsible for pumping blood throughout the body. Cardiac muscles are involuntary, meaning that we do not have conscious control over them.\n\nSmooth muscles: These muscles are found in the walls of organs such as the stomach, intestines, and blood vessels. They are responsible for moving substances through these organs and are also involuntary.\n\nSome of the major muscle groups in the body include the biceps, triceps, quadriceps, and hamstrings in the arms and legs, and the abdominal and back muscles."
75_human,how much does a gold bar weigh,human,0,"The standard gold bar held as gold reserves by central banks and traded among bullion dealers is the 400-troy-ounce (12.4 kg or 438.9 ounces) Good Delivery gold bar.The kilobar, which is to say 1000 grams in mass, is the bar that is more manageable and is used extensively for trading and investment."
75_ai_original,how much does a gold bar weigh,ai_original,1,"A gold bar typically weighs 400 troy ounces, which is equal to about 31.1 kilograms or 68.4 pounds. However, gold bars can also come in other sizes and weights, including 1 troy ounce, 10 troy ounces, and 1 kilogram. The weight of a gold bar is usually stamped on the bar itself, along with its purity and other identifying information."
76_human,How many Muslims live in the United Kingdom?,human,0,"Today it is the second largest religion in the country with results from the United Kingdom Census 2011 suggesting that by 2011 the total Muslim population had reached 2.7 million, 4.8% of the total population.The vast majority of Muslims in the United Kingdom live in England and Wales : of 1,591,000 Muslims recorded at the 2001 Census, 1,536,015 were living in England and Wales , where they formed 3% of the population in 2001; 42,557 were living in Scotland , forming 0.84% of the population; and 1,943 were living in Northern Ireland ."
76_ai_original,How many Muslims live in the United Kingdom?,ai_original,1,"It is difficult to accurately determine the number of Muslims living in the United Kingdom, as the UK does not collect data on religious beliefs. However, estimates suggest that there are around 3 million Muslims living in the UK, comprising around 5% of the total population. This number has likely increased in the years since 2021."
77_human,what is the sign for degrees,human,0,"The degree symbol (°) is a typographical symbol that is used, among other things, to represent degrees of arc (e.g. in geographic coordinate systems ), hours (in the medical field), or degrees of temperature .The symbol consists of a small raised circle, historically a zero glyph ."
77_ai_original,what is the sign for degrees,ai_original,1,"The sign for degrees is the degree symbol, which looks like a small circle with a horizontal line through it. It is typically used to represent temperature, angles, or other measurements in a variety of fields, including mathematics, science, and engineering. For example, the temperature of water boiling at sea level is 212°F (degrees Fahrenheit), and a right angle is 90° (degrees). The degree symbol is usually typed using the ""degree"" key on a keyboard, or by using a special character code or symbol shortcut, depending on the software or application being used."
78_human,what color is burgundy,human,0,"Burgundy is a dark red color associated with the Burgundy wine of the same name, which in turn is named after the Burgundy region of France .The color burgundy is similar to other shades of dark red such as maroon ."
78_ai_original,what color is burgundy,ai_original,1,"Burgundy is a deep, dark red color. It is often described as a rich, wine-like shade, and it is named after a type of wine that originated in the Burgundy region of France. Burgundy is often used to describe a range of shades that are similar to the color of burgundy wine, ranging from a lighter, more pinkish hue to a deeper, more purplish shade. It is a popular color for clothing, decor, and other design elements, and it is often associated with sophistication, luxury, and elegance."
79_human,how was color introduced in film?,human,0,The first color cinematography was by means of additive color systems such as the one patented in England by Edward Raymond Turner in 1899 and tested in 1902.A simplified additive system was developed by George Albert Smith and successfully commercialized in 1909 as Kinemacolor .
79_ai_original,how was color introduced in film?,ai_original,1,"Color has been used in films for almost as long as the medium itself has existed. One of the earliest examples of color in film is the 1895 film ""The Arrival of a Train at La Ciotat Station"" by the Lumière brothers, which used a color process known as Autochrome Lumière. This process involved placing a layer of microscopic potato starch grains, each dyed red, green, or blue, over a black and white film stock, which would filter the light passing through the film and create a color image.\n\nOver the years, various other color processes were developed, including hand-coloring, two-color systems, and three-color systems. However, it wasn't until the 1950s that color films became the norm, thanks to the development of more advanced color film stocks and processes, such as Eastmancolor and Technicolor. Today, most films are shot and exhibited in color, although some filmmakers still choose to shoot in black and white for artistic or thematic reasons."
80_human,what is the capacity of the cowboy stadium,human,0,"The stadium seats 85,000, making it the third largest stadium in the NFL by seating capacity .The maximum capacity of the stadium, including standing room, is 105,000."
80_ai_original,what is the capacity of the cowboy stadium,ai_original,1,"The capacity of AT&T Stadium, also known as ""Cowboy Stadium,"" is 80,000. It is located in Arlington, Texas and is the home of the Dallas Cowboys of the National Football League (NFL). The stadium is known for its retractable roof and its large video display, which is one of the largest in the world. In addition to hosting NFL games, the stadium has also been used for a variety of other events, including concerts, college football games, and professional wrestling events."
81_human,what is a notary for,human,0,"A notary public (or notary or public notary) in the common law world is a public officer constituted by law to serve the public in non-contentious matters usually concerned with estates, deeds, powers-of-attorney, and foreign and international business.A notary's main functions are to administer oaths and affirmations, take affidavits and statutory declarations , witness and authenticate the execution of certain classes of documents, take acknowledgments of deeds and other conveyances, protest notes and bills of exchange, provide notice of foreign drafts, prepare marine or ship's protests in cases of damage, provide exemplifications and notarial copies, and perform certain other official acts depending on the jurisdiction ."
81_ai_original,what is a notary for,ai_original,1,"A notary is a public official who is authorized to perform certain legal functions, such as witnessing the signing of documents and administering oaths. Notaries are often used to authenticate documents for use in other countries, as they are recognized by most governments around the world as an unbiased third party. In many cases, a notary's signature and seal are required on documents in order to make them legally valid. Notaries are typically required to be impartial and unbiased, and must follow strict rules and procedures when performing their duties."
82_human,what caused the world war 2,human,0,"The main causes of World War II were nationalistic issues, unresolved issues, and resentments resulting from World War I and the interwar period in Europe, in addition to the effects of the Great Depression in the 1930s.The culmination of events that led to the outbreak of war are generally understood to be the 1939 invasion of Poland by Germany and Soviet Russia and the 1937 invasion of the Republic of China by the Empire of Japan ."
82_ai_original,what caused the world war 2,ai_original,1,"World War II was caused by a variety of factors, including longstanding tensions between European powers, the rise of aggressive dictatorships in Nazi Germany and Italy, and the failure of international diplomacy to prevent the outbreak of conflict.\n\nOne of the main causes of World War II was the Treaty of Versailles, which ended World War I and imposed harsh penalties on Germany. The treaty humiliated and weakened Germany, and many Germans believed that it was unfair. The treaty also led to the rise of Adolf Hitler and the Nazi Party, which promised to restore Germany's pride and power.\n\nHitler and the Nazi Party came to power in 1933 and began a campaign of aggressive expansion, annexing Austria and parts of Czechoslovakia and Poland. Hitler also signed a non-aggression pact with the Soviet Union, which allowed him to invade Poland without fear of Soviet intervention.\n\nOther factors that contributed to the outbreak of World War II include the rise of aggressive dictatorships in Italy and Japan, which also sought to expand their territories, and the failure of international diplomacy to prevent the outbreak of conflict. The world had not fully recovered from World War I, and many nations were unwilling to take strong action to prevent the rise of aggressive regimes or to stop them from expanding their territories."
83_human,what is blood urea,human,0,The liver produces urea in the urea cycle as a waste product of the digestion of protein .Normal human adult blood should contain between 7 to 21 mg of urea nitrogen per 100 ml (7–21 mg/ dL ) of blood.
83_ai_original,what is blood urea,ai_original,1,"Blood urea nitrogen (BUN) is a measure of the amount of urea in the blood. Urea is a waste product that is produced by the liver as it breaks down proteins. It is eliminated from the body through the kidneys, which filter it out of the blood and excrete it in the urine.\n\nBUN is used as a marker of kidney function. When the kidneys are functioning properly, they are able to remove urea from the blood and excrete it in the urine. If the kidneys are not functioning properly, the level of urea in the blood may rise, indicating kidney dysfunction.\n\nBUN is typically measured in milligrams per deciliter (mg/dL). Normal BUN levels in adults range from 6 to 20 mg/dL. Elevated BUN levels may indicate kidney disease or other conditions that affect kidney function, such as dehydration, urinary tract obstruction, or liver disease.\n\nIt's important to note that BUN levels can be affected by factors other than kidney function, such as diet, medication use, and underlying medical conditions. Therefore, BUN levels should be interpreted in the context of a person's overall clinical presentation and other laboratory tests."
84_human,what is metal music about,human,0,"With roots in blues rock and psychedelic rock , the bands that created heavy metal developed a thick, massive sound, characterized by highly amplified distortion , extended guitar solos, emphatic beats, and overall loudness.Heavy metal lyrics and performance styles are generally associated with masculinity and machismo ."
84_ai_original,what is metal music about,ai_original,1,"Metal music is a genre of rock music that typically features heavy, distorted guitar riffs and fast-paced tempos. It often incorporates elements of other musical genres such as punk, hardcore, and classical music, and is known for its aggressive, energetic sound. Metal bands often explore themes of rebellion, social and political issues, and personal struggles in their lyrics. Metal music has a long and varied history, with many subgenres and subcultures within the genre. Some common themes in metal music include rebellion, individualism, and defiance of authority. Many metal bands also draw inspiration from mythology, literature, and fantasy, and often use lyrics that are metaphorical or allegorical in nature. Metal music is typically associated with a rebellious, outsider mentality, and many metal fans are drawn to the genre for its intensity and energy."
85_human,what year did the beatles came out with the song i wanna hold your hand,human,0,"Written by John Lennon and Paul McCartney , and recorded in October 1963, it was the first Beatles record to be made using four-track equipment.With advance orders exceeding one million copies in the United Kingdom, ""I Want to Hold Your Hand"" would ordinarily have gone straight to the top of the British record charts on its day of release (29 November 1963) had it not been blocked by the group's first million seller "" She Loves You "", the Beatles' previous UK single, which was having a resurgent spell in the top position following intense media coverage of the group."
85_ai_original,what year did the beatles came out with the song i wanna hold your hand,ai_original,1,"The Beatles released ""I Want to Hold Your Hand"" in 1964. It was the band's first single to be released in the United States and became a major hit, reaching the top of the charts and helping to launch the band's career in the United States. The song was written by John Lennon and Paul McCartney and was included on the band's album ""Meet the Beatles!"", which was released in the United States in January 1964."
86_human,what is an irregular heartbeat pvc,human,0,"A premature ventricular contraction (PVC), also known as a premature ventricular complex, ventricular premature contraction (or complex or complexes) (VPC), ventricular premature beat (VPB), or ventricular extrasystole (VES), is a relatively common event where the heartbeat is initiated by Purkinje fibres in the ventricles rather than by the sinoatrial node , the normal heartbeat initiator.In a PVC, the ventricles contract first and before the atria have optimally filled the ventricles with blood, which means that circulation is inefficient."
86_ai_original,what is an irregular heartbeat pvc,ai_original,1,"An irregular heartbeat, or arrhythmia, is a condition in which the heart beats too quickly, too slowly, or in an irregular pattern. A premature ventricular contraction (PVC) is a type of arrhythmia that occurs when the heart's lower chambers (the ventricles) contract before they should. This can cause the heart to beat too quickly or in an irregular pattern. PVCs can sometimes be felt as a fluttering or ""skipped"" beat in the chest. In some cases, PVCs may cause symptoms such as dizziness, lightheadedness, or chest discomfort. However, many people with PVCs do not experience any symptoms. PVCs are generally not considered to be a serious condition, but they can be a sign of an underlying heart problem and may need to be treated if they occur frequently or cause symptoms. It is important to discuss any concerns about irregular heartbeats with a healthcare provider."
87_human,what are the side effects for lyme disease,human,0,"Early symptoms may include fever , headache , fatigue , depression , and a characteristic circular skin rash called erythema migrans (EM).Left untreated, later symptoms may involve the joints, heart, and central nervous system ."
87_ai_original,what are the side effects for lyme disease,ai_original,1,"Lyme disease is caused by the bacterium Borrelia burgdorferi, which is transmitted to humans through the bite of infected ticks. The most common symptoms of Lyme disease include fever, chills, headache, fatigue, muscle and joint pain, and a characteristic rash called erythema migrans. If left untreated, the infection can spread to other parts of the body and cause more serious symptoms, such as facial paralysis, heart palpitations, and meningitis.\n\nOther possible side effects of Lyme disease may include:\n\nJoint inflammation (Lyme arthritis)\nNumbness or weakness in the arms and legs\nMemory problems or difficulty concentrating\nInflammation of the brain and spinal cord (meningitis)\nEye inflammation\nChest pain\nShortness of breath\nRash on other areas of the body\nTingling or shooting pains in the hands or feet\nIf you think you may have been exposed to ticks and are experiencing any of these symptoms, it is important to see a healthcare provider as soon as possible for proper diagnosis and treatment."
88_human,who did richard nixon refer to as the  silent majority,human,0,"The term was popularized (though not first used) by U.S. President Richard Nixon in a November 3, 1969, speech in which he said, ""And so tonight—to you, the great silent majority of my fellow Americans—I ask for your support.""In this usage it referred to those Americans who did not join in the large demonstrations against the Vietnam War at the time, who did not join in the counterculture , and who did not participate in public discourse."
88_ai_original,who did richard nixon refer to as the  silent majority,ai_original,1,"Richard Nixon referred to the majority of Americans who did not participate in the anti-war protests of the late 1960s and early 1970s as the ""silent majority."" He argued that these Americans supported his policies and believed that the protesters did not represent the views of the majority of the country. Nixon appealed to the silent majority in his campaign for the presidency in 1968 and often invoked their support during his time in office."
89_human,who makes triumph motorcycles,human,0,"Triumph Engineering Co Ltd, a defunct British motorcycle manufacturerTriumph Motorcycles Ltd , a current British motorcycle manufacturer"
89_ai_original,who makes triumph motorcycles,ai_original,1,"Triumph Motorcycles is a British motorcycle manufacturer that was established in 1984 and is headquartered in Hinckley, Leicestershire, England. The company produces a range of motorcycle models, including cruisers, touring bikes, sportbikes, and adventure bikes. Triumph is known for its innovative design and engineering, and its motorcycles are popular with riders around the world."
90_human,what are stanzas in poetry,human,0,"In poetry, a stanza is a unit within a larger poem.A stanza consists of a grouping of two or more lines , set off by a space, that usually has a set pattern of meter and rhyme.The stanza in poetry is analogous with the paragraph that is seen in prose , related thoughts are grouped into units."
90_ai_original,what are stanzas in poetry,ai_original,1,"In poetry, a stanza is a group of lines that form a unit within a poem. It is similar to a paragraph in prose, but is usually made up of a set number of lines and has a specific rhyme and meter pattern. Stanzas are often used to divide a poem into sections, to create a specific rhythm or rhyme scheme, or to convey a change in the poem's content or tone. Some common types of stanzas include rhymed couplets, tercets, quatrains, and cinquains. Each type of stanza has its own unique rhyme and meter pattern, and poets may use different stanza forms to achieve a variety of effects in their poetry."
91_human,what are stocks and bonds,human,0,"In finance , a bond is an instrument of indebtedness of the bond issuer to the holders.Bonds and stocks are both securities , but the major difference between the two is that (capital) stockholders have an equity stake in the company (i.e. they are owners), whereas bondholders have a creditor stake in the company (i.e. they are lenders)."
91_ai_original,what are stocks and bonds,ai_original,1,"Stocks and bonds are types of investments that allow individuals and organizations to raise capital by selling securities to investors.\n\nStocks, also known as equities, represent ownership in a company. When you own a stock, you are a shareholder in the company and you have the right to vote on certain matters related to the company's operations and management. In addition, as a shareholder, you are entitled to a share of the company's profits, which may be paid out to you in the form of dividends. The value of a stock is determined by the demand for it on the stock market, which is influenced by a variety of factors such as the company's financial performance, industry trends, and overall economic conditions.\n\nBonds, also known as fixed-income securities, are a type of debt instrument that allows organizations to raise capital by borrowing money from investors. When you purchase a bond, you are essentially lending money to the issuer in exchange for periodic interest payments and the return of principal at the bond's maturity date. The value of a bond is influenced by the creditworthiness of the issuer and the current interest rate environment.\n\nBoth stocks and bonds can be bought and sold on financial markets, such as stock exchanges and over-the-counter markets. They can be an important part of a well-diversified investment portfolio, as they offer different risks and potential returns."
92_human,what are american people of japanese descent called,human,0,"are American people of Japanese heritage .Japanese Americans have historically been among the three largest Asian American communities, but in recent decades, it has become the sixth largest group at roughly 1,304,286, including those of mixed-race or mixed-ethnicity."
92_ai_original,what are american people of japanese descent called,ai_original,1,"People of Japanese descent who are citizens or residents of the United States are generally referred to as Japanese Americans. This term encompasses individuals who were born in Japan and emigrated to the United States, as well as those who are descended from Japanese immigrants to the United States, either through one or both of their parents. It is a broad term that includes people of full or partial Japanese ancestry, and it is often used to refer to the community as a whole. Some people of Japanese descent may also identify more specifically as Nikkei, which is a term that refers to people of Japanese ancestry who are living outside of Japan."
93_human,what are d.o. of medicine,human,0,"Doctor of Osteopathic Medicine (D.O. or DO) is a professional doctoral degree for physicians offered by medical schools in the United States .Holders of the D.O. degree are known as osteopathic physicians and have the same rights, privileges, and responsibilities as physicians with a Doctor of Medicine degree (M.D.)."
93_ai_original,what are d.o. of medicine,ai_original,1,"D.O. stands for Doctor of Osteopathic Medicine. It is a professional doctoral degree in medicine that is awarded to individuals who have completed a program of study in osteopathic medicine at an accredited college or university. Osteopathic medicine is a system of medical care that focuses on the whole person and the role that the musculoskeletal system plays in health and disease. D.O.s receive training in all of the same core medical subjects as M.D.s (Doctors of Medicine), but they also receive additional training in osteopathic manipulative treatment (OMT), a hands-on approach to diagnosis and treatment that involves moving and manipulating muscles, bones, and other tissues in the body. D.O.s are licensed to practice medicine in all 50 states and are fully qualified to prescribe medications and perform surgery. They work in a variety of medical settings, including hospitals, clinics, and private practices, and they can specialize in any area of medicine."
94_human,what westerners include in pain and suffering,human,0,"Pain and suffering is the legal term for the physical and emotional stress caused from an injury (see also pain and suffering ).Some damages that might be under this category would be: aches, temporary and permanent limitations on activity, potential shortening of life, depression or scarring ."
94_ai_original,what westerners include in pain and suffering,ai_original,1,"In the context of legal or insurance claims, pain and suffering refers to the physical and emotional distress that a person experiences as a result of an injury or other adverse event. This can include physical pain, emotional suffering, and mental anguish, as well as the loss of enjoyment of life and the inability to engage in activities that the person previously enjoyed.\n\nIn determining the amount of damages to award in a legal case, a court or insurance company may consider a variety of factors, including the severity and duration of the injury, the extent of any physical or emotional disability, and the impact on the person's daily life and overall quality of life.\n\nIt is important to note that pain and suffering is subjective and can be difficult to quantify. As a result, it is often assessed on a case-by-case basis and may be based on the testimony of the person who experienced the injury, as well as medical experts and other witnesses."
95_human,what is a medallion guarantee,human,0,It is a guarantee by the transferring financial institution that the signature is genuine and the financial institution accepts liability for any forgery.They also limit the liability of the transfer agent who accepts the certificates.
95_ai_original,what is a medallion guarantee,ai_original,1,"A medallion guarantee is a stamp or signature on a document that serves as a guarantee of the authenticity and genuineness of the document. It is typically found on financial documents such as checks, money orders, and drafts, and is often required by banks and other financial institutions to ensure the security of financial transactions. The medallion guarantee is typically provided by a financial institution or other authorized organization, and is intended to protect against fraud and counterfeiting. In order to qualify for a medallion guarantee, the document in question must meet certain standards of authenticity and security, and the guarantee may be subject to certain fees or other charges."
96_human,what are lobbying groups,human,0,"Lobbying (also lobby) is the act of attempting to influence decisions made by officials in the government , most often legislators or members of regulatory agencies .Lobbying is done by many different types of people and organized groups, including individuals in the private sector , corporations , fellow legislators or government officials, or advocacy groups (interest groups)."
96_ai_original,what are lobbying groups,ai_original,1,"Lobbying groups, also known as interest groups or pressure groups, are organizations that seek to influence public policy and legislation by advocating for specific issues or causes. These groups can represent a variety of interests, including business, labor, consumer, environmental, and other policy areas. Lobbying groups often work to influence the decisions of lawmakers, government agencies, and other decision-makers through a variety of tactics, such as grassroots organizing, media campaigns, and direct lobbying of elected officials. Some lobbying groups are organized as non-profits, while others are for-profit businesses. Lobbying is a legally protected form of free speech, and lobbying groups play an important role in democratic societies by representing the interests of various stakeholders and advocating for policy changes."
97_human,what are the catholic gifts of the holy spirit,human,0,"The seven gifts of the Holy Spirit is an enumeration of seven spiritual gifts originating with patristic authors, later elaborated by five intellectual virtues and four other groups of ethical characteristics.They are: wisdom, understanding, wonder and awe (fear of the Lord) , counsel, knowledge, fortitude, and piety (reverence)."
97_ai_original,what are the catholic gifts of the holy spirit,ai_original,1,"The Catholic Church teaches that the Holy Spirit is one of the three persons of the Blessed Trinity, along with God the Father and Jesus Christ the Son. The Holy Spirit is believed to be the source of divine inspiration, guidance, and strength. In the Catholic tradition, the gifts of the Holy Spirit are special abilities or charisms that are bestowed upon believers by the Holy Spirit to enable them to serve the Church and witness to the Gospel more effectively.\n\nThere are seven gifts of the Holy Spirit, which are traditionally enumerated as follows:\n\nWisdom: the ability to see things from God's perspective and to understand the deeper meaning and significance of events.\n\nUnderstanding: the ability to comprehend the truths of the faith and to apply them to one's life.\n\nCounsel: the ability to provide wise and discerning advice to others.\n\nFortitude: the strength and courage to persevere in the face of difficulties and to bear witness to the Gospel even in the face of persecution.\n\nKnowledge: the ability to understand the teachings of the Church and to apply them in one's life.\n\nPiety: a deep devotion to God and a loving commitment to living out the teachings of the Church.\n\nFear of the Lord: a reverential awe and respect for God and a recognition of one's own sinfulness.\n\nThese gifts are given to believers by the Holy Spirit to help them grow in their relationship with God and to serve the Church more effectively. It is important to remember that these gifts are not limited to a select few, but are available to all believers who seek to grow in their relationship with God and to serve the Church faithfully."
98_human,what are some chinese inventions,human,0,"China has been the source of many inventions , including the Four Great Inventions : papermaking , the compass , gunpowder , and printing (both woodblock and movable type ).The Chinese invented technologies involving mechanics , hydraulics , and mathematics applied to horology , metallurgy , astronomy , agriculture , engineering , music theory , craftsmanship , nautics , and warfare ."
98_ai_original,what are some chinese inventions,ai_original,1,"China has a long and rich history of innovation and invention. Some of the most significant Chinese inventions include:\n\nPaper: The Chinese are credited with the invention of paper, which was invented during the Han Dynasty (202 BC – 220 AD).\n\nPrinting: The Chinese also developed the world's first printing press, which was used to print books, posters, and other materials.\n\nCompass: The Chinese are credited with the invention of the compass, which was used for navigation and was an important tool for marine exploration.\n\nGunpowder: Gunpowder was invented in China during the Tang Dynasty (618 – 907 AD) and was later used in the development of firearms.\n\nSilk: China is also known for the production of silk, which was invented during the Shang Dynasty (c. 1600 BC – c. 1046 BC).\n\nTea: Tea was first cultivated in China and has been an important part of Chinese culture for thousands of years.\n\nPorcelain: China is also known for its production of porcelain, which is a type of fine ceramic that is used to make dishes, vases, and other decorative objects.\n\nAcupuncture: Acupuncture is a form of traditional Chinese medicine that involves the insertion of thin needles into specific points on the body to relieve pain and promote healing.\n\nKung Fu: Kung Fu, also known as Chinese martial arts, is a system of physical, mental, and spiritual training that originated in China.\n\nMartial arts weapons: The Chinese also developed a number of martial arts weapons, such as the staff, spear, and sword, which were used for both self-defense and for ceremonial purposes."
99_human,when did the movie deep blue sea come out,human,0,"Deep Blue Sea is a 1999 science fiction horror film that stars Saffron Burrows , Thomas Jane , LL Cool J , Michael Rapaport , Stellan Skarsgård and Samuel L. Jackson .The film was directed by Renny Harlin and was released in the United States on July 28, 1999."
99_ai_original,when did the movie deep blue sea come out,ai_original,1,"Deep Blue Sea is a 1999 science fiction horror film directed by Renny Harlin. It was released in theaters in the United States on July 28, 1999."
100_human,what is a store confectioner,human,0,"A confectionery store (more commonly referred to as a sweet shop in the United Kingdom, a candy store in the North America, or a lolly shop in Australia) sells confectionery and is usually targeted to children.Most confectionery stores are filled with an assortment of sweets far larger than a grocer or convenience store could accommodate."
100_ai_original,what is a store confectioner,ai_original,1,"A store confectioner is a person who works in a store that sells confectionery, which is a type of food that is sweet and often made with sugar, chocolate, or other sweet ingredients. A store confectioner may be responsible for preparing and selling a variety of confectionery items, such as candies, chocolates, pastries, and other sweets. They may also be responsible for maintaining the cleanliness and appearance of the store, as well as interacting with customers and helping them to choose the best confectionery items for their needs. Store confectioners may work in a variety of settings, including candy stores, bakeries, and other retail establishments that sell sweet treats."
101_human,what percentage of water in in the body,human,0,"Arthur Guyton 's Textbook of Medical Physiology states that ""the total amount of water in a man of average weight (70 kilograms) is approximately 40 litres, averaging 57 percent of his total body weight.In a newborn infant, this may be as high as 75 percent of the body weight, but it progressively decreases from birth to old age, most of the decrease occurring during the first 10 years of life."
101_ai_original,what percentage of water in in the body,ai_original,1,"The percentage of water in the human body can vary depending on a person's age, sex, and body composition. However, on average, about 60% of the human body is made up of water. This percentage can range from about 45% in men to about 55% in women. The amount of water in the body also tends to decrease with age.\n\nWater is an essential nutrient and is necessary for many functions in the body, including regulating body temperature, transporting nutrients, and helping to flush waste from the body. It is important to drink enough water to stay hydrated and maintain the proper balance of water in the body. The general recommendation is to drink at least 8 cups (64 ounces) of water per day, but the specific amount may vary depending on a person's size, activity level, and other factors."
102_human,what is a llc company?,human,0,A limited liability company (LLC) is a flexible form of enterprise that blends elements of partnership and corporate structures.An LLC is a legal form of company that provides limited liability to its owners in the vast majority of United States jurisdictions.
102_ai_original,what is a llc company?,ai_original,1,"A Limited Liability Company (LLC) is a type of business structure that combines the liability protection of a corporation with the tax benefits of a partnership. LLCs are popular among small business owners because they provide the personal liability protection of a corporation without the formalities and stricter regulations of a corporation.\n\nIn an LLC, the owners, also known as members, are not personally liable for the debts and obligations of the business. This means that if the LLC is sued or incurs debt, the members' personal assets, such as their homes and savings, are typically protected.\n\nLLCs are relatively easy to set up and maintain, and they offer flexibility in terms of management and profit distribution. LLCs can be managed by the members themselves or by appointed managers, and profits can be distributed to the members in proportion to their ownership interests or as agreed upon by the members.\n\nLLCs are formed by filing articles of organization with the state government and obtaining an operating agreement, which outlines the management and operation of the LLC. Each state has its own rules and regulations for LLCs, so it's important to research the specific requirements in the state where the LLC will be formed."
103_human,what are metaphors used for,human,0,"A metaphor is a figure of speech that describes a subject by asserting that it is, on some point of comparison, the same as another otherwise unrelated object.Metaphor is a type of analogy and is closely related to other rhetorical figures of speech that achieve their effects via association, comparison or resemblance including allegory , hyperbole , and simile ."
103_ai_original,what are metaphors used for,ai_original,1,"Metaphors are used to compare two things that are not literally related in order to help people understand a concept or idea more easily. They are often used in literature, poetry, and everyday language to add depth and meaning to a text or conversation.\n\nFor example, if someone says ""life is a rollercoaster,"" they are using a metaphor to compare the ups and downs of life to the ups and downs of a rollercoaster ride. This metaphor helps to convey the idea that life can be unpredictable and exciting, but also potentially overwhelming or scary at times.\n\nMetaphors can also be used to convey abstract or complex ideas in a more relatable or understandable way. For example, if someone says ""time is money,"" they are using a metaphor to compare the value of time to the value of money. This metaphor helps to convey the idea that time is a limited and valuable resource that should be used wisely.\n\nOverall, metaphors are used to enrich language and help people communicate and understand complex ideas in a more relatable and meaningful way."
104_human,when did proof die,human,0,"DeShaun Dupree Holton (October 2, 1973 – April 11, 2006), better known by his stage name Proof, was an American rapper and actor from Detroit , Michigan .In 2006, Proof was shot and killed during an altercation at the CCC nightclub in Detroit."
104_ai_original,when did proof die,ai_original,1,"I'm sorry, but I don't understand what you're asking. Could you please provide more context or clarify your question?"
105_human,what is a discipline of study,human,0,"An academic discipline, or field of study, is a branch of knowledge that is taught and researched at the college or university level.Disciplines are defined (in part), and recognized by the academic journals in which research is published, and the learned societies and academic departments or faculties to which their practitioners belong."
105_ai_original,what is a discipline of study,ai_original,1,"A discipline of study is a branch of knowledge that focuses on a specific subject or area of expertise. It is a field of study that requires specialized training and education, and typically involves the systematic investigation of theories, principles, and practices. There are many different disciplines of study, ranging from the natural sciences, such as physics and biology, to the social sciences, such as psychology and sociology, to the humanities, such as literature and history. Within each discipline, there are often sub-disciplines or specialized areas of focus. For example, within the discipline of biology, there are sub-disciplines such as ecology, genetics, and evolution. In general, a discipline of study is a way of organizing knowledge and research in a particular area in order to better understand and explain the world around us."
106_human,what are club seats,human,0,"They are usually right next to the Luxury Boxes , either right above, right below, or sandwiched between two levels of Luxury Boxes.Club Level seating is considered as higher class than sitting anywhere else in the arena, but lower class compared to the Luxury Boxes."
106_ai_original,what are club seats,ai_original,1,"Club seats are premium seats in a sports stadium or arena that offer amenities and benefits not available to regular seat holders. These amenities may include access to exclusive clubs or lounges, preferred parking, private restrooms, and in-seat service. Club seats are typically more expensive than regular seats and are located in a prime viewing area, often with a better view of the action. They may also offer additional legroom and more comfortable seating. Club seat holders may also receive other perks, such as discounts on food and merchandise, and access to special events or meet-and-greets with players or celebrities."
107_human,what radio station are the boston bruins on?,human,0,"The Boston Bruins Radio Network is a 25-station (17 A.M., 8 F.M. plus 2 F.M. translators) CBS Radio network which carries live game broadcasts of the Boston Bruins .The network's flagship station is WBZ-FM /98.5- Boston, Massachusetts ."
107_ai_original,what radio station are the boston bruins on?,ai_original,1,"The Boston Bruins are a professional ice hockey team based in Boston, Massachusetts. They are members of the National Hockey League (NHL) and play their home games at TD Garden. The team's games are typically broadcast on local radio stations. In the Boston area, the Bruins' games are usually broadcast on 98.5 The Sports Hub, a sports radio station. The radio station can be listened to on FM radio at 98.5 MHz, as well as online through streaming platforms such as TuneIn and the station's website. You can also listen to the Bruins' games on the NHL's official website or through the NHL app."
108_human,what movement was elizabeth cady stanton a part of,human,0,"Elizabeth Cady Stanton (November 12, 1815 – October 26, 1902) was an American social activist , abolitionist, and leading figure of the early women's rights movement .Her Declaration of Sentiments , presented at the first women's rights convention held in 1848 in Seneca Falls , New York , is often credited with initiating the first organized women's rights and women's suffrage movements in the United States."
108_ai_original,what movement was elizabeth cady stanton a part of,ai_original,1,"Elizabeth Cady Stanton was a leading figure in the women's rights movement in the United States. She was a suffragist, meaning she fought for women's right to vote. Stanton was also a social activist and reformer who worked to promote equal rights for women in a variety of areas, including education, employment, and property ownership. She was a key organizer of the Seneca Falls Convention, the first women's rights convention held in the United States, and she co-authored the ""Declaration of Sentiments,"" which outlined a list of grievances and demands for women's rights and was modeled after the Declaration of Independence. Stanton was a pioneer in the fight for women's suffrage and equality, and her work and activism continue to be remembered and celebrated to this day."
109_human,What are the different translations for the Bible,human,0,"The Bible has been translated into many languages from the biblical languages of Hebrew , Aramaic and Greek .The full Bible has been translated into 518 languages, and 2798 languages have at least some portion of the Bible."
109_ai_original,What are the different translations for the Bible,ai_original,1,"There are many different translations of the Bible, as it has been translated into hundreds of languages over the centuries. Here are a few examples of some of the more well-known translations of the Bible:\n\nKing James Version (KJV): This is a translation of the Bible that was commissioned by King James I of England in 1604 and completed in 1611. It is written in Early Modern English and is considered a classic translation that has had a significant impact on the English language.\n\nNew International Version (NIV): This is a more recent translation of the Bible that was completed in 1978. It is written in modern English and is intended to be easy to read and understand.\n\nNew Revised Standard Version (NRSV): This translation of the Bible is based on the Revised Standard Version, which was completed in 1952. It was revised in 1989 and is written in modern English.\n\nThe New American Bible (NAB): This is a Catholic translation of the Bible that was completed in 1970. It has been revised several times and is used by many Catholics around the world.\n\nThe New Jerusalem Bible (NJB): This is another Catholic translation of the Bible that was completed in 1985. It is written in modern English and is used by many Catholics around the world.\n\nThere are many other translations of the Bible available in various languages, including translations in Spanish, French, German, and many other languages."
110_human,what is an agents job role in film,human,0,"A talent agent, or booking agent, is a person who finds jobs for actors , authors , film directors , musicians , models , producers, professional athletes , writers and other people in various entertainment businesses.An agent also defends, supports and promotes the interest of his/her clients."
110_ai_original,what is an agents job role in film,ai_original,1,"An agent in the film industry typically represents actors, writers, directors, or other industry professionals. They work to secure employment opportunities for their clients, negotiate contracts, and manage the business aspects of their clients' careers. An agent may also help their clients develop their careers by identifying new opportunities for them to pursue and by advising them on decisions related to their careers. In addition to these responsibilities, an agent may also be responsible for managing the schedules and budgets for their clients' projects, as well as handling any legal or financial issues that may arise."
111_human,what makes a dwarf planet,human,0,"A dwarf planet is a planetary-mass object that is neither a planet nor a satellite .More explicitly, the International Astronomical Union (IAU) defines a dwarf planet as a celestial body in direct orbit of the Sun that is massive enough for its shape to be controlled by gravitation , but that unlike a planet has not cleared its orbital region of other objects."
111_ai_original,what makes a dwarf planet,ai_original,1,"A dwarf planet is a celestial body that orbits the Sun and is similar to a planet in shape, but is smaller and has not ""cleared its orbit,"" meaning that it shares its orbit with other objects and is not the dominant object in its orbit.\n\nIn order to be classified as a dwarf planet, an object must also meet the following criteria:\n\nIt must be in orbit around the Sun.\nIt must be round or nearly round in shape, due to its own gravity.\nIt must not be a satellite (moon) of another planet.\nIt must not be large enough to have cleared its orbit of other objects.\nThere are currently five recognized dwarf planets in our solar system: Pluto, Eris, Ceres, Makemake, and Haumea. These objects are located in the outer reaches of the solar system, beyond the orbit of Neptune."
112_human,when did george washington died?,human,0,"George Washington ( – , 1799) was the first President of the United States (1789–1797), the commander-in-chief of the Continental Army during the American Revolutionary War , and one of the Founding Fathers of the United States .He retired from the presidency in 1797 and returned to his home, Mount Vernon , and his domestic life where he managed a variety of enterprises."
112_ai_original,when did george washington died?,ai_original,1,"George Washington, the first President of the United States, died on December 14, 1799. He was 67 years old at the time of his death. Washington was one of the Founding Fathers of the United States and is considered a key figure in the country's history. He served as President from 1789 to 1797 and is known for his leadership during the American Revolution and the early years of the United States. Washington died at his home in Mount Vernon, Virginia, after a short illness. He is buried at Mount Vernon and is remembered as one of the greatest leaders in American history."
113_human,who said give me liberty or give me death,human,0,"Patrick Henry ""Treason"" speech before the House of Burgesses in an 1851 painting by Peter F. RothermelGive me liberty, or give me death! is a quotation attributed to Patrick Henry from a speech he made to the Virginia Convention ."
113_ai_original,who said give me liberty or give me death,ai_original,1,"Patrick Henry, a prominent figure in the American Revolution, is credited with saying ""Give me liberty, or give me death!"" in a speech he delivered to the Virginia Convention in 1775. The speech, which is also known as the ""Liberty or Death"" speech, was a call to action for the colonies to unite and resist British rule. In the speech, Henry argued that the colonies had no choice but to fight for their independence, and that they should be willing to lay down their lives in order to secure their freedom. The phrase ""give me liberty or give me death"" has since become a famous and iconic expression of the desire for freedom and the willingness to defend it at any cost."
114_human,what is adem disease,human,0,"Acute disseminated encephalomyelitis (ADEM) is an immune mediated disease of the brain .It usually occurs following a viral infection but may appear following vaccination , bacterial or parasitic infection, or even appear spontaneously."
114_ai_original,what is adem disease,ai_original,1,"ADEM (acute disseminated encephalomyelitis) is a rare neurological disorder that causes inflammation in the brain and spinal cord. It is often triggered by an infection or vaccination and can cause a range of symptoms, including fever, headache, weakness, seizures, and problems with vision, speech, and coordination. ADEM usually occurs within a few days or weeks of the triggering event and can resolve on its own over time, although some people may experience long-term effects. Treatment may involve medications to reduce inflammation and manage symptoms, and in some cases, hospitalization may be necessary."
115_human,when slavery abolished,human,0,"In January 1863 President Lincoln freed slaves in the Confederacy through the Emancipation Proclamation .After the war, the Thirteenth Amendment , effective December 1865, abolished slavery throughout the entire United States, including the Border states and the Indian territories."
115_ai_original,when slavery abolished,ai_original,1,"Slavery was abolished in the United States in 1865 with the passage of the 13th Amendment to the Constitution, which states: ""Neither slavery nor involuntary servitude, except as a punishment for crime whereof the party shall have been duly convicted, shall exist within the United States, or any place subject to their jurisdiction."" This amendment effectively ended slavery and involuntary servitude, except for those convicted of a crime.\n\nSlavery had a long and complex history in the United States, and its abolition was the result of many years of struggle and activism by abolitionists, who worked to end the practice and to secure equal rights and freedoms for all people. The abolition of slavery was a significant milestone in the country's history, and its legacy continues to be felt today in many aspects of American society."
116_human,what is a ti 82?,human,0,"The TI-82 is a graphing calculator made by Texas Instruments .The TI-82 was designed in 1993 as a stripped down, more user friendly version of the TI-85 , and as a replacement for the TI-81 ."
116_ai_original,what is a ti 82?,ai_original,1,"The TI-82 is a graphing calculator produced by Texas Instruments. It is designed to perform advanced mathematical functions such as graphing equations, finding statistical information, and solving systems of equations. It has a variety of features that make it useful for students studying math and science, including a large display screen, built-in functions and programs, and the ability to store and access data. The TI-82 is commonly used in high school and college math and science courses, as well as on standardized tests such as the ACT and SAT."
117_human,who played dumbledore in harry potter,human,0,"Dumbledore is portrayed by Richard Harris in the film adaptions of Harry Potter and the Philosopher's Stone and Harry Potter and the Chamber of Secrets .After Harris' death, Michael Gambon portrayed Dumbledore for all of the remaining films."
117_ai_original,who played dumbledore in harry potter,ai_original,1,"In the Harry Potter film series, the character of Albus Dumbledore was played by actor Richard Harris in the first two films, ""Harry Potter and the Philosopher's Stone"" (released as ""Harry Potter and the Sorcerer's Stone"" in the United States) and ""Harry Potter and the Chamber of Secrets."" After Harris' death in 2002, the role was taken over by actor Michael Gambon, who played Dumbledore in the remaining six films of the series: ""Harry Potter and the Prisoner of Azkaban,"" ""Harry Potter and the Goblet of Fire,"" ""Harry Potter and the Order of the Phoenix,"" ""Harry Potter and the Half-Blood Prince,"" ""Harry Potter and the Deathly Hallows: Part 1,"" and ""Harry Potter and the Deathly Hallows: Part 2."""
118_human,when does the royal standard fly?,human,0,The Royal Standard of the United Kingdom is flown when the Queen is in residence in one of the royal residences.The Royal Standard is flown at royal residences only when the sovereign is present.
118_ai_original,when does the royal standard fly?,ai_original,1,"The Royal Standard is the personal flag of the British monarch and is only flown when the monarch is present at a particular location. It is typically flown on buildings where the monarch is staying, such as Buckingham Palace or Windsor Castle, or on vehicles in which the monarch is traveling. When the monarch is not present, the Union Flag (also known as the Union Jack) is flown instead."
119_human,where did hurricane katrina begin,human,0,"Hurricane Katrina was the deadliest and most destructive Atlantic hurricane of the 2005 Atlantic hurricane season .Hurricane Katrina formed over the Bahamas on August 23, 2005 and crossed southern Florida as a moderate Category 1 hurricane , causing some deaths and flooding there before strengthening rapidly in the Gulf of Mexico ."
119_ai_original,where did hurricane katrina begin,ai_original,1,"Hurricane Katrina was a category 5 hurricane that formed over the Bahamas and eastern Florida in August 2005. It made landfall on the Gulf Coast of the United States in August 2005, causing widespread destruction and loss of life. The storm caused significant damage in Florida, Georgia, and the Carolinas before it made landfall in Louisiana and Mississippi, where it caused catastrophic flooding and widespread destruction. The storm's impact was felt as far inland as Tennessee and Kentucky. The hurricane and its aftermath caused over 1,800 deaths and billions of dollars in damages."
120_human,where did erisa come from,human,0,"The Employee Retirement Income Security Act of 1974 (ERISA) (, codified in part at ) is a federal law which establishes minimum standards for pension plans in private industry and provides for extensive rules on the federal income tax effects of transactions associated with employee benefit plans.ERISA was enacted to protect the interests of employee benefit plan participants and their beneficiaries by:"
120_ai_original,where did erisa come from,ai_original,1,"The Employee Retirement Income Security Act (ERISA) is a federal law that was enacted in 1974 in the United States. It was designed to protect the rights of employees and their beneficiaries who participate in employer-sponsored retirement and health plans.\n\nBefore ERISA, there were few federal regulations governing employee benefit plans, and many workers were at risk of losing their benefits if their employer went bankrupt or withdrew support for the plan. ERISA was intended to provide a uniform set of standards for the administration and management of these plans, including requirements for disclosure, reporting, and fiduciary responsibility.\n\nERISA applies to most private sector employee benefit plans in the United States, including defined benefit pension plans, defined contribution pension plans, and health plans. It does not apply to government plans or to plans sponsored by churches or other religious organizations."
121_human,what is sherlock holmes job,human,0,"Sherlock Holmes ( or ) is a fictional detective created by author and physician Sir Arthur Conan Doyle .A London-based ""consulting detective"" whose abilities border on the fantastic, Holmes is famous for his astute logical reasoning , his ability to adopt almost any disguise, and his use of forensic science skills to solve difficult cases."
121_ai_original,what is sherlock holmes job,ai_original,1,"Sherlock Holmes is a fictional character created by Sir Arthur Conan Doyle. In the stories, Holmes is a private detective who lives and works in London, England. He is known for his exceptional deductive abilities and his talent for solving complex and seemingly unsolvable cases. Holmes often works with Dr. John Watson, his close friend and colleague, to investigate crimes and mysteries. Although he is a fictional character, Sherlock Holmes has become one of the most iconic and enduring figures in literature and has been the subject of numerous adaptations in film, television, and other media."
122_human,what is spelt flour,human,0,"Spelt, also known as dinkel wheat, or hulled wheat, is an ancient species of wheat from the fifth millennium BC.It is a hexaploid wheat, which means it has six sets of chromosomes."
122_ai_original,what is spelt flour,ai_original,1,"Spelt flour is a type of flour made from spelt, a type of ancient grain that is similar to wheat. It has a nutty, slightly sweet flavor and can be used in a variety of baked goods, including bread, pastries, and pasta. Spelt flour is high in protein and fiber, and it is often used as a healthier alternative to wheat flour. It is also easier to digest for some people who may have a sensitivity to wheat. However, it is not gluten-free, so it is not suitable for those with celiac disease or a severe gluten intolerance."
123_human,who is shem in the bible,human,0,"Shem ( ; Sēm; Arabic : Sām; Ge'ez : ሴም, Sēm; ""renown; prosperity; name"") was one of the sons of Noah in the Hebrew Bible as well as in Islamic literature .He is most popularly regarded as the eldest son, though some traditions regard him as the second son."
123_ai_original,who is shem in the bible,ai_original,1,"Shem is a figure in the Bible, specifically in the book of Genesis. He was the son of Noah and was one of the three sons of Noah who survived the great flood and repopulated the earth. According to the biblical account, Shem was the ancestor of the Semitic peoples, including the Israelites. He is mentioned frequently in the genealogy of Jesus as recorded in the New Testament."
124_human,what is a .PAC file,human,0,"A proxy auto-config (PAC) file defines how web browsers and other user agents can automatically choose the appropriate proxy server (access method) for fetching a given URL .A PAC file contains a JavaScript function “FindProxyForURL(url, host)”."
124_ai_original,what is a .PAC file,ai_original,1,"A .PAC file, or a proxy auto-config file, is a script that defines the proxy server settings for a particular network. It is often used in corporate environments to manage and automatically configure proxy settings for client devices that connect to the network.\n\nA .PAC file typically contains JavaScript code that defines a function called ""FindProxyForURL."" This function takes a URL and returns a string that specifies the proxy server to be used for that URL. For example, the .PAC file might specify that all HTTP traffic should be sent through a particular proxy server, while HTTPS traffic should be sent directly to the destination without using a proxy.\n\nThe .PAC file is typically hosted on a web server, and client devices are configured to use the .PAC file to automatically determine the appropriate proxy settings. When a client device makes a request to a web server, the browser first checks the .PAC file to determine the appropriate proxy settings for the request, and then sends the request to the proxy server (if one is specified). The proxy server then makes the request to the destination on behalf of the client, and returns the response back to the client.\n\n.PAC files can be useful for managing and standardizing proxy settings across a large number of client devices, but they can also be used to implement more complex proxy configurations, such as selectively proxying certain types of traffic or using multiple proxy servers for different types of requests."
125_human,what was the first honda car,human,0,The Honda S600 is an automobile manufactured by Honda .It was launched in March 1964.
125_ai_original,what was the first honda car,ai_original,1,"The first Honda car was the Honda T360, a mini pickup truck produced by Honda Motor Co., Ltd. in 1963. It was powered by a 356 cc straight-4 engine and was intended for use as a small commercial vehicle. It was followed by the Honda S500, a sports car that was introduced in 1964. The S500 featured a 492 cc straight-4 engine and was the first Honda car to be sold in the United States. Honda has since become a major player in the automotive industry, producing a wide range of vehicles including sedans, hatchbacks, SUVs, and trucks."
126_human,what does a plus-minus sign mean,human,0,"to indicate the precision of an approximation , orto indicate a value that can be of either sign."
126_ai_original,what does a plus-minus sign mean,ai_original,1,"A plus-minus sign (±) is a mathematical symbol that is used to indicate that a value is subject to change. It is often used in mathematics, statistics, and science to denote a range of values or uncertainties in measurements.\n\nFor example, if a measurement is given as ""10 ± 2,"" this means that the true value of the measurement could be anywhere from 8 to 12. The plus-minus sign indicates that the value is uncertain or subject to change, and the number following the sign (in this case, 2) indicates the range of possible values.\n\nIn general, the plus-minus sign is used to indicate that a value is approximate or uncertain, and that it may vary within a certain range. It is a useful way to convey information about the precision of a measurement or calculation, and it is often used in scientific and technical contexts to help convey the level of uncertainty associated with a given value."
127_human,who was bush's national security advisor,human,0,"Hadley (right) discussing the 2006 Israel-Lebanon crisis with Bush and Rice.Stephen John Hadley (born February 13, 1947) was the 21st U.S. Assistant to the President for National Security Affairs (commonly referred as National Security Advisor ), serving under President George W. Bush ."
127_ai_original,who was bush's national security advisor,ai_original,1,"George W. Bush, the 43rd President of the United States, had several national security advisors during his presidency, which lasted from 2001 to 2009.\n\nCondoleezza Rice served as National Security Advisor for the first four years of the Bush administration, from 2001 to 2005. Rice was the first woman to hold this position and she later became Secretary of State.\n\nStephen J. Hadley served as National Security Advisor for the remainder of the Bush administration, from 2005 to 2009. Prior to this, Hadley served as Deputy National Security Advisor and was closely involved in the administration's national security policy."
128_human,what relates to erosion,human,0,"Erosion is the process by which soil and rock are removed from the Earth's surface by exogenetic processes such as wind or water flow, and then transported and deposited in other locations.Water and wind erosion are now the two primary causes of land degradation ; combined, they are responsible for 84% of degraded acreage, making excessive erosion one of the most significant global environmental problems."
128_ai_original,what relates to erosion,ai_original,1,"Erosion is the process by which the surface of the earth is worn away by the action of wind, water, ice, and other natural forces. It is a natural process that occurs over time and can have both positive and negative effects on the environment.\n\nThere are several factors that can contribute to erosion, including the type of land, the type of vegetation present, and the amount of precipitation and wind in an area. Erosion can be caused by both natural and man-made activities, such as construction, farming, and logging.\n\nErosion can have significant impacts on the environment, including the loss of topsoil, the alteration of landscapes, and the destruction of habitats for plants and animals. It can also have economic and social impacts, such as the destruction of infrastructure and the displacement of communities.\n\nThere are various methods that can be used to prevent or mitigate the effects of erosion, including the use of erosion control measures such as terracing, revegetation, and the construction of retaining walls."
129_human,where in oregon is albany,human,0,"Albany is the 11th largest city in the U.S. state of Oregon , and is the county seat of Linn County .It is located in the Willamette Valley at the confluence of the Calapooia River and the Willamette River in both Linn and Benton counties, just east of Corvallis and south of Salem ."
129_ai_original,where in oregon is albany,ai_original,1,"Albany is a city located in Linn County, Oregon, United States. It is located in the Willamette Valley region of the state, about 10 miles south of Salem and about 45 miles south of Portland."
130_human,WHAT IS PARESTHESIAS OF HANDS,human,0,"Paresthesia ( or ), is a sensation of tickling, tingling, burning, pricking, or numbness of a person's skin with no apparent long-term physical effect.It is more generally known as the feeling of ""pins and needles"" or of a limb ""falling asleep""."
130_ai_original,WHAT IS PARESTHESIAS OF HANDS,ai_original,1,"Paresthesias of the hands is a sensation of tingling, numbness, or ""pins and needles"" in the hands. It is often caused by compression or irritation of the nerves in the hand, but can also be caused by problems in the spinal cord or brain. Paresthesias can be a symptom of a variety of underlying medical conditions, such as carpal tunnel syndrome, nerve entrapment, multiple sclerosis, and vitamin deficiencies. In some cases, paresthesias may be temporary and resolve on their own, while in other cases, treatment may be necessary to address the underlying cause."
131_human,what are batteries made up of,human,0,"Automotive SLI batteries are usually lead-acid type, and are made of six galvanic cells in series to provide a 12 volt system.Lead-acid batteries are made up of plates of lead and separate plates of lead dioxide , which are submerged into an electrolyte solution of about 38% sulfuric acid and 62% water ."
131_ai_original,what are batteries made up of,ai_original,1,"Batteries are made up of a number of components, including electrodes, a separator, and an electrolyte.\n\nThe electrodes, also known as the anode and cathode, are made of conductive materials that can release or accept electrons during the charging and discharging process. The anode is typically made of a carbon-based material, while the cathode is made of a metal oxide.\n\nThe separator is a thin, porous membrane that prevents the electrodes from coming into direct contact with each other, while still allowing ions to pass through.\n\nThe electrolyte is a liquid or gel that contains ions and allows them to flow between the electrodes. The type of electrolyte used in a battery can vary, but common types include sulfuric acid, lithium salt solutions, and alkaline electrolytes.\n\nOverall, the combination of these components allows a battery to store and release electrical energy as needed."
132_human,who is the group enigma,human,0,"Enigma is an electronic musical project founded in Germany by Michael Cretu , David Fairstein and Frank Peterson in 1990.The Romanian-born Cretu conceived the Enigma project while working in Germany, but based his recording studio A.R.T. Studios in Ibiza, Spain , from the early 1990s until May 2009, where he has recorded all of Enigma's studio releases to date."
132_ai_original,who is the group enigma,ai_original,1,"Enigma is a German musical project formed in 1990, known for its electronically generated music and the use of Gregorian chants and other samples from various sources in its songs. The group is named after the Enigma machine, an electromechanical rotor cipher machine used by the German military to encipher messages during World War II. The group's music is a mixture of electronic, dance, ambient, and new age, and has been described as ""ethereal"" and ""mysterious."" The project's founder and leader is Michael Cretu, a Romanian-born musician and producer. Enigma has released a number of albums over the years, including ""MCMXC a.D."" (1990), ""The Cross of Changes"" (1993), ""Le Roi est mort, vive le Roi!"" (1996), and ""The Fall of a Rebel Angel"" (2016)."
133_human,who plays as big bird,human,0,"Officially performed by Caroll Spinney since 1969, he is an eight-foot two-inch (249 cm) tall bright primrose-yellow bird.He lives in a large nest behind the 123 Sesame Street brownstone and has a teddy bear named Radar."
133_ai_original,who plays as big bird,ai_original,1,"Big Bird is a character on the children's television show ""Sesame Street."" He is an eight-foot tall yellow bird who lives on Sesame Street and is one of the show's main characters. The character of Big Bird has been played by several puppeteers over the years, but the most well-known performer is Caroll Spinney, who played the role from the show's inception in 1969 until his retirement in 2018. Spinney was also the performer for the character of Oscar the Grouch. After Spinney's retirement, Matt Vogel took over the role of Big Bird."
134_human,what was nixon accused of,human,0,"The Watergate scandal was a political scandal that occurred in the United States in the 1970s as a result of the June 17, 1972 break-in at the Democratic National Committee headquarters at the Watergate office complex in Washington, D.C., and the Nixon administration's attempted cover-up of its involvement.The scandal eventually led to the resignation of Richard Nixon , the President of the United States, on August 9, 1974 — the only resignation of a U.S. President."
134_ai_original,what was nixon accused of,ai_original,1,"Richard Nixon, the 37th President of the United States, was accused of a variety of offenses related to the Watergate scandal. In 1972, five men were caught breaking into the Democratic National Committee headquarters at the Watergate Hotel in Washington, D.C. An investigation by the Federal Bureau of Investigation (FBI) and the U.S. Congress revealed that the break-in had been planned and carried out by people working for the Committee to Re-elect the President, the campaign organization for Nixon's re-election.\n\nThe investigation also uncovered a number of other illegal activities, including the use of federal agencies, such as the Internal Revenue Service, to target political enemies, the authorization of illegal wiretaps, and the payment of hush money to the Watergate burglars to keep them quiet.\n\nNixon was accused of being involved in or aware of these activities, and of trying to cover them up by obstructing the investigation. In 1974, he became the first President in U.S. history to be impeached, although he ultimately resigned before he could be removed from office."
135_human,What is firebird server,human,0,"Firebird is an open source SQL relational database management system that runs on Linux , Windows , and a variety of Unix .The database forked from Borland 's open source edition of InterBase in 2000, but since Firebird 1.5 the code has been largely rewritten."
135_ai_original,What is firebird server,ai_original,1,"Firebird is a free, open-source SQL database management system that runs on Linux, Windows, and a variety of Unix-based platforms. It is designed to be lightweight and efficient, and it supports a wide range of programming languages and development environments.\n\nFirebird is a popular choice for web-based applications, and it is often used as a replacement for more expensive database systems. It is known for its strong security features and ability to handle large amounts of data.\n\nTo use Firebird, you will need to install the server software on your server and then create a database using a tool such as IBExpert or FlameRobin. You can then connect to the database using a programming language such as PHP or Python and run queries to store and retrieve data."
136_human,Where Are Mahindra Tractors Made,human,0,"Mahindra has a huge consumer base in India, China and America and a growing base in Australia.The company builds more tractors in India than any other manufacturer, and has the capacity to build 150,000 tractors a year."
136_ai_original,Where Are Mahindra Tractors Made,ai_original,1,"Mahindra tractors are made in a variety of locations around the world. The company has manufacturing facilities in India, the United States, China, Japan, and other countries. In addition to its own manufacturing facilities, Mahindra also has partnerships with other companies to produce tractors in various locations. For example, Mahindra has a joint venture with Yanmar in Japan to produce tractors for the Japanese market."
137_human,what is a letterbox movie,human,0,"Letterboxing is the practice of transferring film shot in a widescreen aspect ratio to standard-width video formats while preserving the film's original aspect ratio.The resulting videographic image has mattes (black bars) above and below it; these mattes are part of the image (i.e., of each frame of the video signal)."
137_ai_original,what is a letterbox movie,ai_original,1,"A letterbox movie is a film that has been formatted to fit a wide screen aspect ratio, usually by adding black bars to the top and bottom of the image. This allows the entire width of the film frame to be displayed on the screen, preserving the intended composition and visual effects of the original movie. Letterbox movies are typically shown in theaters and on home video releases, and they may also be referred to as widescreen or cinema scope movies.\n\nThe term ""letterbox"" refers to the black bars that are added to the top and bottom of the image in order to preserve the aspect ratio of the film. These bars are often referred to as ""letterboxes"" because they resemble the shape of a traditional mailbox. Letterbox movies are commonly used to present films that were shot in a widescreen format, such as those shot in anamorphic widescreen or Super 35. This allows the entire width of the film frame to be displayed on the screen, preserving the intended composition and visual effects of the original movie."
138_human,what are arizona's symbols,human,0,"The newest adopted symbol of Arizona is the Colt Single Action Army in 2011.Arizona became the second state to adopt a ""state firearm"" after Utah adopted the Browning M1911 ."
138_ai_original,what are arizona's symbols,ai_original,1,"Arizona has a number of official state symbols, which are chosen by the state legislature to represent the state's history, culture, and natural resources. Here is a list of some of Arizona's official state symbols:\n\nState bird: Cactus wren\nState flower: Saguaro blossom\nState tree: Palo verde\nState mammal: Ring-tailed cat\nState fish: Apache trout\nState reptile: Arizona ridge-nosed rattlesnake\nState fossil: Petrified wood\nState gemstone: Turquoise\nState neckware: Bola tie\nState motto: Ditat Deus (God enriches)\nThese symbols are intended to reflect the unique characteristics of Arizona and to promote pride in the state."
139_human,what languages are spoken in south africa,human,0,"South Africa has eleven official languages : Afrikaans , English , Ndebele , Northern Sotho , Sotho , Swazi , Tswana , Tsonga , Venda , Xhosa and Zulu .The English version of the South African constitution refers to the languages by the names in those languages: isiZulu , isiXhosa , Afrikaans , Sepedi (referring to Northern Sotho), Setswana , English , Sesotho (referring to Southern Sotho), Xitsonga , Siswati , Tshivenda and isiNdebele (referring to Southern Ndebele)."
139_ai_original,what languages are spoken in south africa,ai_original,1,"South Africa has 11 official languages: Afrikaans, English, Ndebele, Northern Sotho, Sotho, Swazi, Tswana, Tsonga, Venda, Xhosa, and Zulu. These languages reflect the country's diverse population and history. Afrikaans, which is derived from Dutch, is spoken by many South Africans of European descent. English is also widely spoken and is used as the language of business and government. The other nine languages are native African languages, and each is spoken by a significant portion of the population."
140_human,what are stink bombs made of,human,0,"One is ""US Government Standard Bathroom Malodor""; a mixture of eight chemicals with a stench resembling human feces, only much stronger, designed to test the efficacy of deodorizers and air fresheners .Another one, "" Who me? "", is a mixture of five sulfur-containing chemicals and smells like rotting food and carcasses."
140_ai_original,what are stink bombs made of,ai_original,1,"Stink bombs are made from a variety of materials that are designed to produce a strong, unpleasant odor when they are activated. Some common ingredients that may be used in stink bombs include:\n\nRotten eggs or other rotten food items: These are a common source of bad smells, and they can be used to create a strong, nauseating odor.\n\nAmmonia: This chemical is known for its strong, pungent smell, and it is often used in cleaning products. When mixed with other chemicals, it can produce a particularly unpleasant odor.\n\nGarlic: Garlic is another strong-smelling ingredient that can be used in stink bombs. Its strong, pungent aroma can be difficult to get rid of and can be very unpleasant for some people.\n\nSkunk spray: Skunks are known for their ability to produce a strong, unpleasant odor when they feel threatened. Some stink bombs may contain a synthetic version of skunk spray, which can produce a similar odor.\n\nOther chemicals: There are many other chemicals that can be used to create strong, unpleasant odors, including butyric acid, which is a chemical that is found in vomit, and cadaverine, which is a chemical that is produced by decomposing animal or plant matter.\n\nIt's important to note that stink bombs can be dangerous, as some of the chemicals used in them can be harmful if ingested or inhaled. They should not be handled or used without caution."
141_human,who sang the nights the lights went out,human,0,The Night the Lights Went Out in Georgia is a Southern Gothic song written by songwriter Bobby Russell and performed in 1972 by his then-wife Vicki Lawrence .Reba McEntire later covered it in 1991.
141_ai_original,who sang the nights the lights went out,ai_original,1,"The song ""The Night the Lights Went Out in Georgia"" was written by Bobby Russell and performed by various artists, including Vicki Lawrence and Reba McEntire. It was originally recorded by Lawrence in 1972 and became a hit, reaching number one on the Billboard Hot Country Singles chart. The song tells the story of a woman accused of murder, and her sister's search for the truth. It has been covered by many artists over the years, including McEntire, who recorded a version in 1991."
142_human,where does the return address go on mail,human,0,"In some countries, the return address is conventionally located in the upper left hand corner of the envelope , card, or label.In the United Kingdom , the return address is usually placed on the reverse of the envelope, near the top."
142_ai_original,where does the return address go on mail,ai_original,1,"The return address is the sender's address, and it should be placed in the top left corner of the envelope. It should be placed on the front of the envelope, above the address of the recipient. The return address typically consists of the sender's name, street address, city, state, and zip code.\n\nHere is an example of what a return address might look like:\n\nJohn Smith\n123 Main Street\nAnytown, USA 12345\n\nIt's important to include a return address on your mail so that if it is undeliverable or returned to sender for any reason, it can be sent back to the correct address. The return address is also useful for tracking purposes and in case you need to contact the sender."
143_human,where did the early humans live?,human,0,"Homo erectus and Homo ergaster were the first of the hominina to leave Africa, and these species spread through Africa, Asia, and Europe between .According to the Recent African Ancestry theory , modern humans evolved in Africa possibly from Homo heidelbergensis , Homo rhodesiensis or Homo antecessor and migrated out of the continent some 50,000 to 100,000 years ago, replacing local populations of Homo erectus, Homo denisova , Homo floresiensis and Homo neanderthalensis."
143_ai_original,where did the early humans live?,ai_original,1,"Early humans lived in various parts of the world, including Africa, Asia, and Europe. The earliest known human ancestor, Homo habilis, appeared in Africa about 2.4 million years ago. Over time, humans began to migrate to other parts of the world, adapting to different environments and developing new technologies and cultures.\n\nOne of the oldest known human settlements is in eastern Africa, in a region called the East African Rift Valley. This area is home to many important fossil sites, including Olduvai Gorge in Tanzania and the Olorgesailie Basin in Kenya, which have yielded a wealth of evidence about early human evolution.\n\nAs early humans migrated out of Africa, they settled in various parts of Asia and Europe. In Asia, they lived in the Middle East and South Asia, and in Europe, they lived in what is now Russia, the Balkans, and the Mediterranean. Early humans also lived in Australia, where they arrived about 50,000 years ago.\n\nIt is important to note that the concept of ""human"" has evolved over time, and the definition of what constitutes a ""human"" has changed as new fossil evidence has been discovered."
144_human,when did thomas jefferson become president,human,0,"Thomas Jefferson (April 13, 1743 (April 2, 1743 O.S. ) – July 4, 1826) was an American Founding Father , the principal author of the Declaration of Independence (1776) and the third President of the United States (1801–1809).Elected president in what Jefferson called the Revolution of 1800 , he oversaw the purchase of the vast Louisiana Territory from France (1803), and sent the Lewis and Clark Expedition (1804–1806) to explore the new west."
144_ai_original,when did thomas jefferson become president,ai_original,1,"Thomas Jefferson became President of the United States on March 4, 1801. He was the third President of the United States, serving two terms from 1801 to 1809. He was preceded by John Adams and succeeded by James Madison."
145_human,what are SATA Power Connector,human,0,"Serial ATA (SATA) is a computer bus interface that connects host bus adapters to mass storage devices such as hard disk drives and optical drives .Serial ATA replaces the older AT Attachment standard (ATA; later referred to as Parallel ATA or PATA), offering several advantages over the older interface: reduced cable size and cost (seven conductors instead of 40), native hot swapping , faster data transfer through higher signalling rates, and more efficient transfer through an (optional) I/O queuing protocol."
145_ai_original,what are SATA Power Connector,ai_original,1,"A SATA power connector is a type of electrical connector that is used to provide power to devices such as hard drives, DVD drives, and solid-state drives that are connected to a computer using a SATA (Serial ATA) interface. The SATA power connector is a 15-pin connector that is typically used in conjunction with a SATA data connector to connect devices to a motherboard or other components inside a computer. It is designed to transfer power from the power supply to the device, and it is typically found on the back of the device or on a power cable that is connected to the device. The SATA power connector is an important component in the operation of SATA-based devices, as it provides the necessary power to enable them to function properly."
146_human,how was the moon formed,human,0,"The Moon is thought to have formed nearly 4.5 billion years ago, not long after the Earth.Although there have been several hypotheses for its origin in the past, the current most widely accepted explanation is that the Moon formed from the debris left over after a giant impact between Earth and a Mars -sized body."
146_ai_original,how was the moon formed,ai_original,1,"The moon was formed about 4.5 billion years ago, shortly after the formation of the solar system. There are several theories about how the moon was formed, but the most widely accepted theory is that the moon was formed from debris created when a Mars-sized object collided with the Earth. This collision caused a lot of debris to be ejected into orbit around the Earth, and over time, this debris coalesced to form the moon.\n\nAnother theory is that the moon was formed from material that was present in the solar system at the time of its formation, but was not incorporated into the Earth. According to this theory, the moon formed in a similar way to how the Earth and other planets formed, by the accretion of smaller bodies in the solar system.\n\nRegardless of how it was formed, the moon has played a vital role in the history of the Earth and the development of life on our planet. It has influenced the tides, the length of the day, and the evolution of species, and it continues to be an important object of study for scientists today."
147_human,what is section eight housing,human,0,"Section 8 of the Housing Act of 1937 (), often simply known as Section 8, as repeatedly amended, authorizes the payment of rental housing assistance to private landlords on behalf of approximately 3.1 million low-income households.It operates through several programs, the largest of which, the Housing Choice Voucher program, pays a large portion of the rents and utilities of about 2.1 million households."
147_ai_original,what is section eight housing,ai_original,1,"Section 8 housing, also known as the Housing Choice Voucher Program, is a federally funded program that provides rental assistance to low-income individuals and families. The program is administered by the U.S. Department of Housing and Urban Development (HUD) and is designed to help individuals and families afford safe, decent, and sanitary housing in the private market. Participants in the Section 8 program typically pay 30% of their monthly income towards rent and utilities, and the program covers the remainder of the cost.\n\nTo be eligible for the Section 8 program, individuals and families must meet certain income guidelines and may also be required to meet additional criteria, such as being a first-time homebuyer or having a disability. The program is open to both renters and homeowners, and participants may use their vouchers to rent from any landlord who is willing to accept them.\n\nThe goal of the Section 8 program is to provide low-income individuals and families with a wider range of housing options and to promote economic self-sufficiency by allowing them to use their vouchers to move to areas with better job opportunities and schools. If you have questions about the Section 8 program and whether you may be eligible for rental assistance, you can contact your local HUD office for more information."
148_human,what are the most known sports in america,human,0,"Four of the nation's five most popular team sports were developed in North America: American football , baseball , basketball and ice hockey , whereas soccer was developed in England.The four Major leagues in the United States are the National Basketball Association (NBA), National Football League (NFL), Major League Baseball (MLB), the National Hockey League (NHL); all enjoy massive media exposure and are considered the preeminent competitions in their respective sports in the world."
148_ai_original,what are the most known sports in america,ai_original,1,"In the United States, some of the most popular sports include American football, basketball, baseball, and ice hockey. These sports have a long history in the country and have a large following among fans. Other popular sports in the United States include soccer, golf, tennis, and auto racing. Additionally, the country has a strong tradition of collegiate sports, with many universities and colleges fielding competitive teams in a variety of sports. Overall, the United States has a diverse sports culture and many people enjoy participating in and watching a wide range of sports."
149_human,what is gravy made of,human,0,"Gravy is a sauce , made often from the juices that run naturally from meat or vegetables during cooking.The gravy may be further colored and flavored with gravy salt (a simple mix of salt and caramel food colouring) or gravy browning (gravy salt dissolved in water) or ready-made cubes and powders can be used as a substitute for natural meat or vegetable extracts."
149_ai_original,what is gravy made of,ai_original,1,"Gravy is a sauce made by thickening a liquid with a roux, cornstarch, or flour. The liquid used in gravy can be the juices that come from cooking meats or vegetables, broth, or stock.\n\nTo make gravy, you will need to start with a roux, which is a mixture of equal parts flour and fat. The fat is usually butter or oil, and the flour is used to thicken the sauce. To make the roux, melt the fat in a pan over medium heat, and then add the flour, stirring constantly until the mixture turns a light golden color.\n\nNext, you will need to add the liquid to the roux, stirring constantly to prevent lumps from forming. You can use chicken, beef, or vegetable broth, or you can use the juices that come from cooking the meat or vegetables. Bring the mixture to a boil, and then reduce the heat and simmer until the gravy reaches the desired consistency. You may need to add more liquid or flour to adjust the thickness of the gravy.\n\nYou can also add herbs and spices to the gravy to give it additional flavor. Some common herbs and spices used in gravy include thyme, rosemary, sage, and black pepper. You can also add diced onions or garlic to the roux for additional flavor."
150_human,what county is northville mi,human,0,"Northville is an affluent city located in and divided by Oakland and Wayne counties in the U.S. state of Michigan .Most of the city is in Oakland County, and is surrounded by the city of Novi ."
150_ai_original,what county is northville mi,ai_original,1,"Northville, Michigan is located in Wayne County."
151_human,what did chaucer do,human,0,"While he achieved fame during his lifetime as an author, philosopher, alchemist and astronomer , composing a scientific treatise on the astrolabe for his ten year-old son Lewis, Chaucer also maintained an active career in the civil service as a bureaucrat, courtier and diplomat.Chaucer is a crucial figure in developing the legitimacy of the vernacular , Middle English , at a time when the dominant literary languages in England were French and Latin."
151_ai_original,what did chaucer do,ai_original,1,"Geoffrey Chaucer was an English poet and author who is widely considered to be one of the greatest English poets of the Middle Ages. He is best known for his work ""The Canterbury Tales,"" a collection of stories told by a group of pilgrims on their way to Canterbury Cathedral. Chaucer wrote in a Middle English dialect and his work is characterized by its humor, irony, and vivid depiction of contemporary life. Chaucer's work has had a significant influence on English literature and continues to be widely studied and admired to this day."
152_human,what is in the alpine mountain systems,human,0,"Wildlife such as ibex live in the higher peaks to elevations of , and plants such as Edelweiss grow in rocky areas in lower elevations as well as in higher elevations.At present the region is home to 14 million people and has 120 million annual visitors."
152_ai_original,what is in the alpine mountain systems,ai_original,1,"The Alpine mountain system is a mountain range that stretches across much of Europe, including parts of Austria, France, Germany, Italy, Liechtenstein, Monaco, Slovenia, Switzerland, and Croatia. It is the highest mountain range in Europe and is home to some of the highest peaks on the continent, including Mont Blanc, which is the highest mountain in the range at 4,808 meters (15,774 feet).\n\nThe Alpine mountain range is known for its rugged terrain, with high peaks, deep valleys, and many glaciers. It is also home to a variety of plant and animal life, including alpine meadows, forests, and wildlife such as ibex, chamois, and marmots. The range is popular with outdoor enthusiasts and tourists, who come to enjoy activities such as hiking, skiing, and mountain climbing."
153_human,how does interlibrary loan work,human,0,"Interlibrary loan (abbreviated ILL, and sometimes called interloan, document delivery, or document supply) is a service whereby a user of one library can borrow books or receive photocopies of documents that are owned by another library.The user makes a request with their local library, which, acting as an intermediary, identifies owners of the desired item, places the request, receives the item, makes it available to the user, and arranges for its return."
153_ai_original,how does interlibrary loan work,ai_original,1,"Interlibrary loan (ILL) is a service offered by libraries that allows patrons to borrow books and other materials from libraries outside their own system. If a patron requests a book or other material that is not available at their library, the library can use ILL to request the item from another library.\n\nHere's how the process typically works:\n\nA patron requests a book or other material from their library.\nThe library checks to see if the item is available in their own collection. If it is not, they can initiate an ILL request.\nThe library sends a request for the item to another library that has the material. This is usually done through a specialized ILL service or network.\nThe lending library checks to see if the item is available and agrees to lend it.\nThe lending library sends the item to the requesting library, either physically or electronically.\nThe requesting library receives the item and makes it available for the patron to borrow.\nILL can be a useful service for patrons who are unable to find the materials they need at their own library. However, it can take some time for the requested item to arrive, as it has to be shipped from one library to another. In addition, some libraries may charge fees for ILL services."
154_human,what countries did immigrants come from during the immigration,human,0,"The history of immigration to the United States is a continuing story of peoples from more populated continents, particularly Europe and also Africa and Asia, crossing oceans to the new land.Starting around 1600 British and other Europeans settled primarily on the east coast ."
154_ai_original,what countries did immigrants come from during the immigration,ai_original,1,"Immigration to the United States has occurred from a variety of countries throughout its history. During different time periods, different groups of immigrants have come to the United States from different parts of the world. Some of the countries that have been major sources of immigration to the United States include:\n\nIreland: During the 19th and early 20th centuries, many Irish immigrants came to the United States, often fleeing poverty and political conflict in their home country.\n\nItaly: Large numbers of Italian immigrants also came to the United States during this time period, many seeking economic opportunities and a better life.\n\nGermany: German immigration to the United States was also significant during the 19th and early 20th centuries.\n\nChina: Chinese immigrants have been coming to the United States since the mid-19th century, often to work on the transcontinental railroad or in other low-paying jobs.\n\nMexico: Mexico has been a major source of immigration to the United States, particularly in recent decades. Many Mexican immigrants come to the United States to work in agriculture, construction, and other industries.\n\nIndia: In recent years, India has become one of the top countries of origin for immigrants to the United States. Many Indian immigrants come to the United States for education and employment opportunities.\n\nPhilippines: The Philippines has also been a significant source of immigration to the United States, particularly since the 1960s. Many Filipino immigrants come to the United States for work, particularly in the healthcare and education sectors.\n\nThis is just a small sampling of the countries that have contributed to the diverse immigrant population in the United States."
155_human,what is vitamin b12 used for,human,0,"Vitamin B12, vitamin B12 or vitamin B-12, also called cobalamin, is a water-soluble vitamin with a key role in the normal functioning of the brain and nervous system , and for the formation of blood .It is normally involved in the metabolism of every cell of the human body, especially affecting DNA synthesis and regulation, but also fatty acid synthesis and energy production."
155_ai_original,what is vitamin b12 used for,ai_original,1,"Vitamin B12, also known as cobalamin, is a water-soluble vitamin that is important for several functions in the body. It plays a key role in the normal functioning of the brain and nervous system, and is also necessary for the production of red blood cells and DNA.\n\nVitamin B12 is involved in the metabolism of every cell in the body, and is particularly important for the proper functioning of the brain and nervous system. It is also necessary for the production of red blood cells, which are responsible for carrying oxygen throughout the body. In addition, vitamin B12 helps to maintain the health of the skin, hair, and nails, and is important for the metabolism of carbohydrates and fats.\n\nVitamin B12 deficiency can lead to a range of health problems, including anemia, fatigue, and nerve damage. It is important to get enough vitamin B12 through a healthy diet or supplements, especially for older adults, vegetarians, and vegans, who may be at higher risk of deficiency."
156_human,where is osaka japan,human,0,"is a city in the Kansai region of Japan's main island of Honshu , a designated city under the Local Autonomy Law , the capital city of Osaka Prefecture and also the largest part of the Keihanshin metropolis, which comprises three major cities of Japan, Kyoto , Osaka and Kobe .Located at the mouth of the Yodo River on Osaka Bay , Osaka is Japan's third largest city by population after Tokyo (special wards) and Yokohama ."
156_ai_original,where is osaka japan,ai_original,1,"Osaka is a city located in the Kansai region of Japan. It is the capital of Osaka Prefecture and the third-largest city in Japan, with a population of over 19 million people in its metropolitan area. Osaka is located on the island of Honshu, about 350 kilometers (217 miles) west of Tokyo. It is a major economic hub in Japan, known for its port, trade, and industry. Osaka is also a popular tourist destination, known for its food, culture, and landmarks such as Osaka Castle and Universal Studios Japan."
157_human,what did tycho brahe do,human,0,"Tycho Brahe (14 December 154624 October 1601), born Tyge Ottesen Brahe, was a Danish nobleman known for his accurate and comprehensive astronomical and planetary observations.Tycho was well known in his lifetime as an astronomer and alchemist ."
157_ai_original,what did tycho brahe do,ai_original,1,"Tycho Brahe was a Danish astronomer who made a number of important contributions to the field of astronomy during the late 16th and early 17th centuries. He is perhaps most famous for his careful and accurate observations of the positions and movements of the celestial bodies, which he used to challenge the long-held belief that the Earth was the center of the universe.\n\nBrahe was born in 1546 in Denmark, and from a young age he showed a keen interest in the stars and the sky. He received a classical education in a number of subjects, including mathematics, physics, and astronomy, and he began to make his own observations of the celestial bodies using the tools and techniques available at the time.\n\nBrahe is known for his careful and precise observations of the positions and movements of the planets and stars, which he made using a number of sophisticated instruments that he designed and built himself. He was particularly interested in the planets, and he made a number of important discoveries about their behavior, including the fact that they orbited the sun in elliptical rather than circular orbits.\n\nIn addition to his observational work, Brahe also made a number of important contributions to the development of the scientific method and the advancement of knowledge about the universe. He was a strong advocate for the use of empirical evidence in scientific investigation, and he believed that theories should be tested and refined through careful observation and experimentation.\n\nDespite his many contributions to the field of astronomy, Brahe is perhaps best remembered for his role in paving the way for the work of his contemporary, Johannes Kepler, who used Brahe's observations to develop his laws of planetary motion."
158_human,what area code is 479,human,0,"Area code 479 is the telephone area code serving thirteen counties in northwest Arkansas , including the cities of Fort Smith , Fayetteville , Springdale , Rogers and Bentonville : the second, third, fourth, eighth and tenth-largest cities in the state, respectively.Area code 479 serves Benton , Carroll (split with area code 870 ), Crawford , Franklin , Johnson , Logan , Madison , Polk , Pope , Scott , Sebastian , Washington and Yell Counties in Arkansas."
158_ai_original,what area code is 479,ai_original,1,"Area code 479 is a telephone area code in the North American Numbering Plan (NANP) for the northwest corner of Arkansas. It was created in 1997 as a split from area code 501. The area code covers the following cities and communities:\n\nFayetteville\nFort Smith\nRogers\nSpringdale\nBentonville\nThe area code 479 is used for both landline and mobile phone numbers. If you are trying to call a number with area code 479, you will need to dial the full 10-digit phone number, including the area code. For example, to call a number in Fayetteville, you would dial 479-555-1212."
159_human,what happens  to the light independent reactions of photosynthesis?,human,0,The light-independent reactions of photosynthesis are chemical reactions that convert carbon dioxide and other compounds into glucose .These reactions take the light-dependent reactions and perform further chemical processes on them.
159_ai_original,what happens  to the light independent reactions of photosynthesis?,ai_original,1,"The light-independent reactions of photosynthesis, also known as the Calvin cycle, occur in the stroma of the chloroplasts and do not require light energy. These reactions use the energy stored in the ATP and NADPH produced during the light-dependent reactions to fix carbon dioxide from the atmosphere into glucose and other organic molecules.\n\nIn the light-independent reactions, carbon dioxide is added to a molecule called ribulose bisphosphate (RuBP) through a process called carbon fixation. This reaction is catalyzed by the enzyme RuBP carboxylase/oxygenase (Rubisco). The resulting molecule is unstable and immediately splits into two molecules of 3-phosphoglycerate (3-PGA).\n\nThe 3-PGA molecules are then converted into glyceraldehyde 3-phosphate (G3P) through a series of reactions that involve the transfer of high-energy electrons from NADPH and the hydrolysis of ATP. Some of the G3P is used to regenerate RuBP, while the rest is used to synthesize glucose and other organic molecules such as amino acids and lipids.\n\nOverall, the light-independent reactions of photosynthesis are an important part of the process of converting sunlight into chemical energy that can be used by plants and other organisms."
160_human,how are public schools funded,human,0,"State schools (also known as public schools or government schools) generally refer to primary or secondary schools mandated for or offered to all children without charge paid for, in whole or in part, by taxation .The term may also refer to institutions of post-secondary education funded, in whole or in part, and overseen by government."
160_ai_original,how are public schools funded,ai_original,1,"Public schools in the United States are funded through a combination of local, state, and federal resources.\n\nLocal funding for public schools typically comes from property taxes collected within the school district. These funds are used to pay for operating expenses such as teacher salaries, utilities, and supplies.\n\nState funding for public schools is provided by state governments and is typically based on the number of students enrolled in the district and the district's ability to generate local revenue.\n\nFederal funding for public schools comes from the United States Department of Education and is allocated to states and districts through a variety of programs, including Title I grants for low-income students and the Individuals with Disabilities Education Act (IDEA).\n\nOverall, the amount of funding that a public school receives can vary greatly depending on the district in which it is located and the specific needs of its students."
161_human,what is the location of coldwater ms,human,0,"Coldwater is a small town in Tate County , Mississippi .It is in the Memphis Metropolitan Area ."
161_ai_original,what is the location of coldwater ms,ai_original,1,"Coldwater, Mississippi is a small town located in the northwest corner of the state, in Tate County. It is situated about 25 miles south of Memphis, Tennessee, and about 35 miles northwest of the city of Tunica. Coldwater is a rural community with a population of about 2,000 people, and it is known for its quiet, small-town atmosphere. The town is located along the Coldwater River, which is a popular spot for fishing and recreational activities."
162_human,how is single malt scotch made,human,0,"Single Malt Scotch is single malt whisky made in Scotland using a pot still distillation process at a single distillery , with malted barley as the only grain ingredient.As with any Scotch whisky , a single malt Scotch must be distilled in Scotland and matured in oak casks in Scotland for at least three years (most single malts are matured longer)."
162_ai_original,how is single malt scotch made,ai_original,1,"Single malt Scotch whisky is made from water, malted barley, and yeast. Here's the general process for making single malt Scotch whisky:\n\nMalting: The barley is soaked in water and allowed to germinate, or sprout. During this process, enzymes are produced that will convert the starch in the barley into sugars. The germinated barley is then dried over a peat fire, which gives it a distinctive smoky flavor.\n\nMilling: The dried malt is ground into a coarse flour called grist.\n\nMashing: The grist is mixed with hot water in a large vessel called a mash tun. This process, called mashing, extracts the sugars from the malt and creates a liquid called wort.\n\nFermentation: The wort is transferred to a large vessel called a washback, where it is mixed with yeast. The yeast ferments the sugars in the wort, converting them into alcohol and producing a liquid called wash. The wash has an alcohol content of about 8-9%.\n\nDistillation: The wash is transferred to a still, where it is heated until the alcohol vaporizes. The vapor is then condensed back into a liquid, resulting in a clear, colorless liquid called low wine. The low wine is then distilled again, producing a liquid called spirit.\n\nAging: The spirit is placed in oak barrels to mature. The barrels are typically aged for at least three years, although some single malt Scotch whiskies are aged for much longer. During the aging process, the spirit takes on the color and flavor characteristics of the barrel.\n\nBlending and bottling: The aged spirit is typically blended with spirit from other barrels to create a consistent flavor profile. The blended spirit is then bottled and sold as single malt Scotch whisky.\n\nThere are many variables that can affect the flavor of single malt Scotch whisky, including the type of barley used, the water source, the type of yeast, the type of barrel used for aging, and the length of aging."
163_human,what became of rich on price is right,human,0,"Fields is currently a meteorologist for the CBS owned and operated television stations KCBS-TV and KCAL-TV in Los Angeles, California.Fields can also be heard on the radio on K-EARTH 101 KRTH , KNX-AM and KFWB in Los Angeles."
163_ai_original,what became of rich on price is right,ai_original,1,"I'm sorry, but I'm not able to provide information about real people or events that have happened after my knowledge cutoff date. Is there anything else I can help you with?"
164_human,what is the name of the wizard of oz,human,0,"The Wizard of Oz, known during his reign as The Great and Powerful Oz, is the epithet of Oscar Zoroaster Phadrig Isaac Norman Henkel Emmannuel Ambroise Diggs, a fictional character in the Land of Oz , created by American author L. Frank Baum .The character was further popularized by the classic 1939 movie , wherein his full name is not mentioned."
164_ai_original,what is the name of the wizard of oz,ai_original,1,"The wizard of Oz is a fictional character in the 1900 children's novel ""The Wonderful Wizard of Oz"" by L. Frank Baum. The wizard's real name is never revealed in the book, and he is referred to simply as ""the Wizard"" or ""the Great and Terrible Wizard of Oz."" In the 1939 film adaptation of the novel, the wizard is portrayed by actor Frank Morgan."
165_human,how is jerky made,human,0,"Jerky is lean meat that has been trimmed of fat, cut into strips, and then dried to prevent spoilage.Modern manufactured jerky is normally marinated in a seasoned spice rub or liquid, and dried, dehydrated or smoked with low heat (usually under 70 °C/160 °F)."
165_ai_original,how is jerky made,ai_original,1,"Jerky is a type of dried, cured meat that is usually made from lean cuts of beef, pork, or poultry. To make jerky, the meat is first trimmed of any excess fat and cut into thin strips. The strips are then marinated in a mixture of soy sauce, Worcestershire sauce, and other seasonings for several hours or overnight.\n\nAfter marinating, the strips of meat are placed on a rack and put into an oven or dehydrator to dry. The temperature is kept low, around 150-200°F (65-93°C), and the meat is left to dry for several hours until it becomes chewy and hard.\n\nSome people also make jerky using a smoker, which gives the meat a smoky flavor. To do this, the meat is placed on a rack in a smoker and left to dry over a period of several hours while being exposed to smoke from wood chips or other smoking materials.\n\nOnce the jerky is dry, it can be stored at room temperature for several months. It is also possible to vacuum-seal the jerky to extend its shelf life even further."
166_human,how is whooping cough distinguished from similar diseases,human,0,"Symptoms are initially mild, and then develop into severe coughing fits, which produce the namesake high-pitched ""whoop"" sound in infected babies and children when they inhale air after coughing.The coughing stage lasts approximately six weeks before subsiding."
166_ai_original,how is whooping cough distinguished from similar diseases,ai_original,1,"Whooping cough, also known as pertussis, is a highly contagious respiratory infection that is caused by the bacterium Bordetella pertussis. It is characterized by severe coughing spells that can last for several weeks and may be accompanied by a distinctive ""whooping"" sound when the person breathes in after a coughing fit.\n\nThere are several other respiratory infections that can cause symptoms similar to whooping cough, including bronchitis, asthma, and the common cold. However, these conditions can usually be distinguished from whooping cough based on the severity and duration of the cough, as well as other symptoms that may be present.\n\nTo diagnose whooping cough, a healthcare provider will typically take a thorough medical history and perform a physical examination. They may also order laboratory tests, such as a throat swab or blood test, to confirm the diagnosis. In some cases, chest x-rays or other imaging tests may be necessary to rule out other conditions.\n\nIt is important to seek medical attention if you or a loved one is experiencing a severe cough that lasts for more than a week or is accompanied by other symptoms, such as difficulty breathing, chest pain, or vomiting after coughing. Early diagnosis and treatment can help to reduce the severity of the infection and prevent complications."
167_human,what is lockton affinity,human,0,"Lockton Affinity: Lockton Affinity, an affiliate of Lockton Companies, meets the insurance needs of affinity groups, franchises, professional organizations, and associations of all sizes.Lockton Affinity offers a variety of insurance product options and programs."
167_ai_original,what is lockton affinity,ai_original,1,"Lockton Affinity is a global insurance brokerage and risk management company that specializes in providing insurance solutions to affinity groups and associations. Affinity groups are organizations that bring together individuals with shared interests, such as professional societies, alumni associations, and membership organizations. Lockton Affinity partners with these groups to offer insurance products, such as health insurance, life insurance, and property and casualty insurance, to their members at discounted rates. The company also provides risk management and employee benefits consulting services to help clients reduce their risk and optimize their insurance programs. Lockton Affinity is headquartered in Kansas City, Missouri, and has offices in locations around the world."
168_human,how does a steam engine work,human,0,"A steam engine is a heat engine that performs mechanical work using steam as its working fluid .Steam engines are external combustion engines , where the working fluid is separate from the combustion products."
168_ai_original,how does a steam engine work,ai_original,1,"A steam engine is a device that converts the thermal energy of steam into mechanical work. Steam engines were an important source of power during the Industrial Revolution and have been used in a variety of applications since then, including powering ships and locomotives, and more recently, generating electricity.\n\nHere's how a steam engine works:\n\nWater is heated in a boiler to produce steam. The steam is under high pressure and is directed into a cylinder, where it expands and pushes against a piston.\n\nThe piston is connected to a crankshaft, which converts the linear motion of the piston into rotary motion.\n\nAs the steam pushes against the piston, the crankshaft rotates, turning a flywheel. The flywheel helps to smooth out the motion and provides a store of energy to keep the engine running.\n\nWhen the steam has finished expanding, it is exhausted from the cylinder through a valve.\n\nThe steam is then cooled, typically by passing it through a cooled coil or a condenser, and the condensed water is returned to the boiler to be heated again. This process is known as a Rankine cycle.\n\nThe rotary motion of the crankshaft can be used to power a variety of mechanical devices, such as a pump, a generator, or a mechanical lathe.\n\nSteam engines are typically fueled by coal, but they can also be powered by wood, oil, or natural gas. They have largely been replaced by internal combustion engines and electric motors as a source of power, but they are still used in some applications today, particularly in the developing world."
169_human,what cities are in the bahamas,human,0,"NassauFreeport, Bahamas"
169_ai_original,what cities are in the bahamas,ai_original,1,"The Bahamas is an archipelago made up of over 700 islands, cays, and islets. The main islands of the Bahamas are:\n\nNew Providence Island: This is the most populous and developed island of the Bahamas. The capital city of Nassau is located on New Providence Island.\n\nGrand Bahamas Island: This island is home to the second-largest city in the Bahamas, Freeport.\n\nAndros Island: This is the largest of the Bahamas' islands, and it is known for its vast network of blue holes and caves.\n\nAbaco Islands: This group of islands is known for its sandy beaches and clear waters.\n\nExuma: This group of islands is known for its stunning beaches and crystal-clear waters.\n\nEleuthera: This island is known for its pink sand beaches and unique rock formations.\n\nBimini: This island is located just 50 miles off the coast of Florida and is known for its sport fishing and diving.\n\nCat Island: This island is known for its serene, laid-back atmosphere and its picturesque beaches.\n\nThere are many other small islands and cays that make up the Bahamas, each with its own unique character and attractions."
170_human,"how big is bmc software in houston, tx",human,0,"Employing over 6,000, BMC is often credited with pioneering the BSM concept as a way to help better align IT operations with business needs.For 2011, the company recorded an annual revenue of $2.1 billion, making it the #20 largest software company in terms of revenue for that year."
170_ai_original,"how big is bmc software in houston, tx",ai_original,1,"BMC Software is a global company with a significant presence in Houston, Texas. It is a leading provider of IT management solutions that help businesses improve their performance, reduce costs, and minimize risk. The company has a strong presence in the Houston area, with offices in various locations throughout the city. It is not clear how many employees BMC Software has in Houston, but the company has a large global workforce, with thousands of employees located in offices around the world."
171_human,how many people live in atlanta georgia,human,0,"Atlanta (, stressed , locally ) is the capital of and the most populous city in the U.S. state of Georgia , with an estimated 2011 population of 432,427.Atlanta is the cultural and economic center of the Atlanta metropolitan area , home to 5,457,831 people and the ninth largest metropolitan area in the United States."
171_ai_original,how many people live in atlanta georgia,ai_original,1,"As of 2021, the population of Atlanta, Georgia is estimated to be around 498,000 people. This number is constantly changing as the city continues to grow and develop. Atlanta is the largest city in Georgia and is home to a diverse and vibrant community. It is known for its rich history, cultural attractions, and business opportunities, which have attracted people from all over the world to live, work, and visit."
172_human,what is homebrew for wii,human,0,"Wii homebrew refers to the reuse of Nintendo 's Wii game console to run software that has not been authorized by Nintendo .In more general terms, Wii Homebrew refers to the use of the Wii 's hardware, accessories and software for purposes outside those intended by the manufacturer."
172_ai_original,what is homebrew for wii,ai_original,1,"Homebrew is software that is developed by hobbyists and is not officially licensed or approved by the manufacturer of a device, in this case the Nintendo Wii. Homebrew can include a variety of different types of software, including games, utilities, and applications that can be run on the Wii.\n\nThe Wii is a popular platform for homebrew development because it has a relatively open architecture and a large user base. Many people are attracted to the idea of being able to run their own software on the Wii and to customize their experience with the device.\n\nTo run homebrew software on a Wii, you will need to install the Homebrew Channel, which is a custom channel that allows you to run homebrew applications. This can be done through a process called ""hacking"" the Wii, which involves modifying the system software to allow the installation of unsigned code. This process can be complex and requires a certain level of technical expertise, and it also carries the risk of damaging the Wii or voiding its warranty."
173_human,what state is milwaukee in,human,0,"Milwaukee is the largest city in the U.S. state of Wisconsin , the 28th most populous city in the United States , and 39th most populous region in the United States."
173_ai_original,what state is milwaukee in,ai_original,1,Milwaukee is a city located in the state of Wisconsin in the United States.
174_human,what are land parcels,human,0,"land lot , a piece of land;"
174_ai_original,what are land parcels,ai_original,1,"A land parcel is a piece of land that is owned by a person or an entity. It is a discrete unit of land that is defined by its boundaries, which are usually marked by physical features such as roads, rivers, or fences. Land parcels may be used for a variety of purposes, including residential, commercial, or agricultural use. Land parcels may be registered with a government agency, such as a land registry or county assessor's office, to establish ownership and to facilitate the transfer of ownership from one person or entity to another. Land parcels may also be subject to zoning regulations, which determine how the land may be used."
175_human,what state is Mn,human,0,Minnesota () is a U.S. state located in the Midwestern United States .
175_ai_original,what state is Mn,ai_original,1,"Minnesota is a state in the Midwestern region of the United States. It is known for its natural beauty, including the Boundary Waters Canoe Area Wilderness and the Superior National Forest. Minnesota is also home to a number of lakes, including Lake Superior, Lake Minnetonka, and Lake Vermilion. The state is known for its cold winters and has a humid continental climate, with hot summers and cold winters. The capital of Minnesota is Saint Paul, and the largest city is Minneapolis."
176_human,what naturally occurring isotopes does cobalt have,human,0,"Naturally occurring cobalt (Co) is composed of 1 stable isotope , 59Co. 28 radioisotopes have been characterized with the most stable being 60Co with a half-life of 5.2714 years, 57Co with a half-life of 271.79 days, 56Co with a half-life of 77.27 days, and 58Co with a half-life of 70.86 days."
176_ai_original,what naturally occurring isotopes does cobalt have,ai_original,1,"Cobalt (Co) has several naturally occurring isotopes. The most abundant isotope is cobalt-59, which makes up about 88% of naturally occurring cobalt. This isotope has 27 neutrons and 32 protons in its nucleus. Other isotopes of cobalt include cobalt-60, cobalt-58, cobalt-57, cobalt-56, and cobalt-54. These isotopes have different numbers of neutrons in their nuclei, and some are radioactive. Cobalt-60, for example, is a radioactive isotope that is used in the medical field for cancer treatment and in industrial applications for the sterilization of equipment."
177_human,Who Moved My Cheese Synopsis,human,0,"It describes change in one's work and life, and four typical reactions to said change by two mice and two ""littlepeople"", during their hunt for cheese ."
177_ai_original,Who Moved My Cheese Synopsis,ai_original,1,"""Who Moved My Cheese?"" is a parable about change written by Dr. Spencer Johnson. The story follows two mice, Sniff and Scurry, and two little people, Hem and Haw, as they search for cheese in a maze. The cheese represents something that the characters desire, whether it be a job, a relationship, or something else.\n\nAt the beginning of the story, Sniff and Scurry and Hem and Haw all find cheese in the same place in the maze. However, one day the cheese is gone. Sniff and Scurry quickly adapt and go out into the maze to find more cheese, while Hem and Haw struggle to come to terms with the change and try to find the cheese in the same place where it used to be.\n\nAs the story goes on, Hem and Haw eventually come to realize that the cheese has truly disappeared and that they need to adapt and move on. They eventually find new cheese, but only after going through a process of denial, anger, bargaining, and acceptance.\n\nThe story is meant to be a metaphor for the changes that we all experience in life and how we can learn to adapt to them. The message is that it is important to be open to change and to be proactive in seeking out new opportunities and experiences, rather than clinging to the past and trying to hold on to things that may no longer be available to us."
178_human,who replaced nikita khrushchev,human,0,"Khrushchev's party colleagues removed him from power in 1964, replacing him with Leonid Brezhnev as First Secretary and Alexei Kosygin as Premier."
178_ai_original,who replaced nikita khrushchev,ai_original,1,"Nikita Khrushchev was the leader of the Soviet Union from 1953 to 1964. He was replaced by Leonid Brezhnev, who became the leader of the Soviet Union in 1964 and held the position until his death in 1982. Brezhnev was succeeded by Yuri Andropov, who was in turn succeeded by Konstantin Chernenko. Mikhail Gorbachev, the last leader of the Soviet Union, came to power in 1985 and oversaw the collapse of the Soviet Union in 1991."
179_human,who passed no child left behind,human,0,"President Bush signing the No Child Left Behind Act at Hamilton H.S. in Hamilton, Ohio ."
179_ai_original,who passed no child left behind,ai_original,1,"The No Child Left Behind Act (NCLB) was a federal law that was signed into law by President George W. Bush on January 8, 2002. The law was designed to improve the academic performance of America's public schools by increasing accountability, providing more flexibility to states and school districts, and giving parents more options for their children's education. It also aimed to close the achievement gap between disadvantaged students and their more advantaged peers by requiring states to set measurable goals for student achievement and to intervene in schools that were not meeting those goals. The law was controversial and was eventually replaced by the Every Student Succeeds Act (ESSA) in 2015."
180_human,what are the charges against Casey Anthony,human,0,She was charged with first degree murder in October 2008 and pled not guilty.
180_ai_original,what are the charges against Casey Anthony,ai_original,1,"Casey Anthony was charged with first-degree murder, aggravated child abuse, and aggravated manslaughter of a child in connection with the death of her daughter, Caylee Anthony, in 2008. However, she was acquitted of these charges in 2011. The trial received significant media attention and was widely covered by news outlets."
181_human,What is a surveyors wheel,human,0,"A surveyor's wheel, also called a clickwheel, hodometer, waywiser, trundle wheel , measuring wheel, or perambulator is a device for measuring distance."
181_ai_original,What is a surveyors wheel,ai_original,1,"A surveyor's wheel, also known as a surveyor's measuring wheel or a trundle wheel, is a handheld instrument that is used to measure distance. It consists of a wheel with a handle and a counter that measures the number of revolutions of the wheel. Surveyors use surveyor's wheels to measure the distance between two points, typically when conducting land surveys or construction surveys. They are a quick and easy way to measure long distances without the need for specialized equipment or a tape measure. Surveyor's wheels are also useful for estimating distances in other applications, such as determining the distance between trees in a forest or the length of a hiking trail."
182_human,where did world war 1 start,human,0,"On 28 July, the Austro-Hungarians fired the first shots of the war as preparation for the invasion of Serbia ."
182_ai_original,where did world war 1 start,ai_original,1,"World War I began on July 28, 1914, and was sparked by the assassination of Archduke Franz Ferdinand of Austria-Hungary on June 28 of that year. The assassination set off a chain of events that led to the declaration of war, as Austria-Hungary declared war on Serbia on July 28 and other countries, including Germany, Russia, and France, became drawn into the conflict. The war ultimately involved more than 30 countries and resulted in the deaths of millions of people. It is also known as the Great War or the War to End All Wars."
183_human,what is scurvy disease,human,0,"Scurvy is a disease resulting from a deficiency of vitamin C , which is required for the synthesis of collagen in humans."
183_ai_original,what is scurvy disease,ai_original,1,"Scurvy is a disease that results from a deficiency of vitamin C (ascorbic acid) in the diet. It is characterized by the development of spongy gums, skin hemorrhages, and the loss of teeth. If left untreated, scurvy can be fatal.\n\nVitamin C is an essential nutrient that is necessary for the synthesis of collagen, a protein that helps to form connective tissue and skin. It is also important for the absorption of iron, the functioning of the immune system, and the proper healing of wounds.\n\nScurvy is most commonly associated with a lack of fresh fruits and vegetables in the diet, although it can also result from an inability to absorb or utilize vitamin C due to certain medical conditions or medications. It was once a common disease among sailors who were at sea for extended periods of time and had limited access to fresh fruits and vegetables.\n\nScurvy can be prevented by consuming a diet that includes an adequate amount of vitamin C. The recommended daily intake of vitamin C for adults is 75-90 mg per day. Foods that are high in vitamin C include citrus fruits, strawberries, kiwi fruit, bell peppers, spinach, and tomatoes. Scurvy can be treated by increasing the intake of vitamin C through the diet or by taking supplements."
184_human,what year was girls just want to have fun release,human,0,Girls Just Want to Have Fun is a 1979 song originally written by Robert Hazard and made famous by singer Cyndi Lauper .
184_ai_original,what year was girls just want to have fun release,ai_original,1,"""Girls Just Want to Have Fun"" is a song written and performed by American musician Cyndi Lauper. It was released as a single in 1983 and appeared on Lauper's debut studio album, ""She's So Unusual,"" which was released in the same year."
185_human,when can you use a defibulator,human,0,"Defibrillation is a common treatment for life-threatening cardiac dysrhythmias , ventricular fibrillation , and pulseless ventricular tachycardia ."
185_ai_original,when can you use a defibulator,ai_original,1,"A defibrillator, also known as an automated external defibrillator (AED), is a medical device that is used to deliver a therapeutic shock to the heart in order to restore a normal heart rhythm in people who are experiencing a life-threatening condition called cardiac arrest. Cardiac arrest occurs when the heart stops beating effectively and the person becomes unconscious.\n\nDefibrillators are designed to be used by trained lay responders as well as healthcare professionals. They are typically found in public places such as airports, schools, and recreational facilities, and are also commonly used in ambulances and hospitals.\n\nIn order to use a defibrillator, it is important to have received proper training and to follow the instructions provided by the device. The defibrillator will typically provide voice prompts to guide the user through the process of administering the shock. It is important to only use a defibrillator when it is indicated, as inappropriate use can cause harm to the patient.\n\nIf you are trained in the use of a defibrillator and you encounter someone who is unconscious and not breathing, you should immediately call emergency medical services (EMS) and follow the instructions provided by the defibrillator to administer a shock if indicated. It is important to act quickly in these situations, as the chances of survival decrease significantly with each passing minute."
186_human,what is petit lemans,human,0,"The Petit Le Mans ( French for little Le Mans) is a sports car endurance race held annually at Road Atlanta in Braselton, Georgia , USA."
186_ai_original,what is petit lemans,ai_original,1,"Petit Le Mans is a sports car endurance race held annually at Road Atlanta in Braselton, Georgia, USA. The race is named after the 24 Hours of Le Mans, a famous endurance race held annually in France, and is a part of the IMSA WeatherTech SportsCar Championship. The Petit Le Mans race is traditionally held in October and lasts for 10 hours, making it one of the longer endurance races in the world. It attracts a wide variety of competitors, including prototypes and GT cars from manufacturers such as Porsche, Ferrari, and BMW, and is known for its high level of competition and exciting on-track action."
187_human,What is caused by the human immunodeficiency virus?,human,0,"Human immunodeficiency virus (HIV) is a lentivirus (slowly replicating retrovirus ) that causes acquired immunodeficiency syndrome (AIDS), a condition in humans in which progressive failure of the immune system allows life-threatening opportunistic infections and cancers to thrive."
187_ai_original,What is caused by the human immunodeficiency virus?,ai_original,1,"Human immunodeficiency virus (HIV) is a virus that attacks the immune system, the body's defense system against infections and diseases. HIV causes acquired immune deficiency syndrome (AIDS), a condition in which the immune system becomes severely weakened and is unable to fight off infections and diseases. AIDS is a serious and potentially life-threatening condition that requires medical treatment.\n\nHIV is transmitted through bodily fluids such as blood, semen, vaginal secretions, and breast milk. HIV can be transmitted through sexual contact, injection drug use, and mother-to-child transmission during pregnancy, childbirth, or breastfeeding. HIV cannot be transmitted through casual contact such as shaking hands, hugging, or sharing food and drinks.\n\nThere is no cure for HIV, but antiretroviral therapy (ART) can help people with HIV to manage the virus and live long and healthy lives. ART involves taking a combination of medications called antiretroviral drugs, which can suppress the virus and help to rebuild the immune system. With proper treatment and care, people with HIV can live normal, healthy lives and prevent transmission to others."
188_human,what is the scientific name of the eastern tiger salamander?,human,0,The tiger salamander (Ambystoma tigrinum) is a species of mole salamander .
188_ai_original,what is the scientific name of the eastern tiger salamander?,ai_original,1,"The scientific name of the eastern tiger salamander is Ambystoma tigrinum. It is a species of salamander in the family Ambystomatidae. It is native to North America, where it is found in a wide range of habitats including forests, grasslands, and wetlands. Eastern tiger salamanders are known for their distinctive black and yellow striped pattern and can grow to be up to about a foot in length. They are semiaquatic and spend most of their time in water, but can also be found on land during the breeding season. Eastern tiger salamanders are important members of many ecosystems and play a role in controlling pest populations."
189_human,what is considered to be a disasters,human,0,"A disaster is a natural or man-made (or technological) hazard resulting in an event of substantial extent causing significant physical damage or destruction, loss of life, or drastic change to the environment ."
189_ai_original,what is considered to be a disasters,ai_original,1,"A disaster is a sudden, catastrophic event that causes widespread damage, destruction, and loss of life. Disasters can be natural, such as earthquakes, hurricanes, and floods, or they can be man-made, such as oil spills, nuclear accidents, and terrorist attacks. Disasters can have a severe impact on communities, disrupting essential services and infrastructure, and causing widespread suffering and hardship. They often require emergency response and recovery efforts to help affected populations and rebuild communities."
190_human,who is paul avery to the zodiac killings,human,0,"Paul Avery (April 2, 1934December 10, 2000) was an American police reporter, best known for his stories on the infamous serial killer known as the Zodiac , and later for his work on the Patricia Hearst kidnapping."
190_ai_original,who is paul avery to the zodiac killings,ai_original,1,"Paul Avery was a journalist who covered the Zodiac killings for the San Francisco Chronicle in the late 1960s and early 1970s. The Zodiac killer was a serial killer who operated in the San Francisco Bay Area and claimed to have killed 37 people, although only five deaths were definitively linked to the killer. Avery played a key role in publicizing the Zodiac case and was one of the main correspondents with the killer, who communicated with the press and authorities through a series of cryptic letters and ciphers. Avery was known for his colorful and tenacious reporting style, and his coverage of the Zodiac case helped to bring national attention to the killings. Despite the efforts of Avery and other journalists, the case was never solved and the Zodiac killer was never apprehended."
191_human,what is sump pump  used for,human,0,"A sump pump is a pump used to remove water that has accumulated in a water collecting sump basin, commonly found in the basement of homes."
191_ai_original,what is sump pump  used for,ai_original,1,"A sump pump is a device that is used to remove excess water from an area, such as a basement or crawl space. It is typically installed in a sump pit, which is a hole or depression in the floor that collects water. When the water level in the sump pit reaches a certain level, the sump pump is activated and begins pumping the water out of the pit and away from the building.\n\nSump pumps are commonly used in areas that are prone to flooding or have a high water table. They can help to prevent water damage to a building by keeping the water level below the floor level. They are also used to prevent the growth of mold and mildew, which can be a problem in damp, humid environments.\n\nThere are several types of sump pumps available, including pedestal sump pumps, submersible sump pumps, and battery-powered sump pumps. The type of sump pump that is best for a particular situation will depend on the specific needs and requirements of the building and the surrounding area."
192_human,when was bloody kansas in,human,0,"Bleeding Kansas, Bloody Kansas or the Border War, was a series of violent political confrontations involving anti-slavery Free-Staters and pro-slavery "" Border Ruffian "" elements, that took place in the Kansas Territory and the neighboring towns of Missouri between 1854 and 1861."
192_ai_original,when was bloody kansas in,ai_original,1,"""Bloody Kansas"" refers to the period of violence and political conflict in the US state of Kansas in the 1850s, leading up to the American Civil War. It was a time of intense conflict over the issue of slavery and the expansion of the institution into new territories. The violence and conflict in Kansas during this period were fueled by competing factions of pro-slavery and anti-slavery advocates, who were fighting for control of the territory. This period of conflict in Kansas is also known as the ""Kansas-Missouri Border War."""
193_human,What Is Benzene Used For,human,0,"It is mainly used as a precursor to heavy chemicals, such as ethylbenzene and cumene , which are produced on a billion kilogram scale."
193_ai_original,What Is Benzene Used For,ai_original,1,"Benzene is a chemical compound with the formula C6H6. It is a colorless liquid with a sweet, pleasant aroma. Benzene is a natural constituent of crude oil and is one of the elementary petrochemicals. It is a widely used solvent and is a starting material for the manufacture of a wide variety of chemicals. Some common uses of benzene include:\n\nSolvent: Benzene is used as a solvent for many chemicals, including rubber, resins, plastics, and dyes.\n\nChemical intermediate: Benzene is used as a starting material for the manufacture of a wide variety of chemicals, such as plastics, resins, synthetic fibers, rubber, detergents, and pharmaceuticals.\n\nFuel: Benzene is used as a gasoline additive to increase octane and improve combustion.\n\nIndustrial and household cleaners: Benzene is used as a cleaning agent in the production of detergents, soaps, and other cleaning products.\n\nPesticides: Benzene is used as a solvent for many pesticides.\n\nRubber: Benzene is used in the production of synthetic rubber.\n\nPlastics: Benzene is used as a building block for the synthesis of plastics such as polystyrene and PVC.\n\nIt is important to note that benzene has been classified as a human carcinogen and exposure to benzene can cause leukemia. Therefore, it is important to handle benzene with caution and to follow proper safety protocols when working with this chemical."
194_human,what is homebrew for wii?,human,0,Wii homebrew refers to the reuse of Nintendo 's Wii game console to run software that has not been authorized by Nintendo .
194_ai_original,what is homebrew for wii?,ai_original,1,"Homebrew is software that is developed by amateur developers for a specific platform, such as the Nintendo Wii. Homebrew can include a wide range of software, including games, utilities, and applications that are not officially sanctioned or supported by the platform owner.\n\nOn the Nintendo Wii, homebrew refers to software that is not licensed or approved by Nintendo, but can be run on the console. Some users choose to use homebrew software on their Wii to access games or other content that is not normally available on the console, or to add new features or capabilities to the Wii.\n\nTo use homebrew software on a Wii, users typically need to install a custom firmware or software package that allows the console to run unsigned code. This process is often referred to as ""jailbreaking"" or ""hacking"" the Wii, and it can void the warranty on the console. Additionally, using homebrew software may be considered a violation of the terms of service for the console, and could potentially lead to legal consequences."
195_human,where is cougar town filmed,human,0,"Filming for the series takes place at Culver Studios in Culver City, California ."
195_ai_original,where is cougar town filmed,ai_original,1,"Cougar Town is a television sitcom that aired on ABC from 2009 to 2015. It was created by Bill Lawrence and Kevin Biegel, and starred Courteney Cox as Jules Cobb, a single woman in her 40s navigating the challenges of life and love in the fictional town of Gulfhaven, Florida.\n\nThe show was filmed in various locations around the Los Angeles area, including Culver City, California and the Warner Bros. Studios lot in Burbank, California. Some exterior shots were also filmed on location in Florida."
196_human,what is the @ sign called?,human,0,"The at sign @ is also commonly called the at symbol, ampersat, apetail or commercial at in English—and less commonly a wide range of other terms."
196_ai_original,what is the @ sign called?,ai_original,1,"The @ sign is commonly called the ""at sign"" or ""at symbol."" It is used in various contexts, including email addresses, social media handles, and programming languages. In email addresses, it is used to separate the username from the domain name. For example, in the email address ""john@example.com,"" the @ sign separates the username ""john"" from the domain name ""example.com."" In social media handles, the @ sign is used to tag other users or to reference a specific account. In programming, the @ sign may be used for various purposes, such as to specify the location of a file or to create a decorator in Python."
197_human,what is the measurements of saturn's moons,human,0,"Saturn has 62 moons with confirmed orbits, 53 of which have names and only 13 of which have diameters larger than 50 kilometers."
197_ai_original,what is the measurements of saturn's moons,ai_original,1,"Saturn has 62 confirmed moons, and many of them are quite small, with diameters of just a few kilometers or less. Here are some of the larger and more notable moons of Saturn, along with their approximate diameters:\n\nMimas: 396 kilometers\nEnceladus: 504 kilometers\nTethys: 1,071 kilometers\nDione: 1,123 kilometers\nRhea: 1,528 kilometers\nTitan: 5,150 kilometers (this is the largest of Saturn's moons and is even larger than the planet Mercury)\nPlease note that these are approximate measurements and the sizes of Saturn's moons can vary slightly due to factors such as their irregular shapes and the presence of large impact craters."
198_human,what is another name for the large intestine,human,0,"The large intestine (or bowel, colon) is the last part of the digestive system in vertebrate animals ."
198_ai_original,what is another name for the large intestine,ai_original,1,"The large intestine, also known as the colon, is a long, tube-like organ in the abdomen that is responsible for absorbing water and electrolytes from indigestible material and storing waste before it is eliminated from the body through the rectum and anus. Some other names for the large intestine include the large bowel and the colon."
199_human,where is green bay packers from,human,0,"The Green Bay Packers are an American football team based in Green Bay, Wisconsin ."
199_ai_original,where is green bay packers from,ai_original,1,"The Green Bay Packers are a professional football team based in Green Bay, Wisconsin. They are members of the North Division of the National Football Conference (NFC) in the National Football League (NFL). The team was founded in 1919 and is one of the oldest and most successful professional football franchises in the United States. The Packers have won 13 NFL Championships, including four Super Bowl titles. They play their home games at Lambeau Field, which is located in Green Bay, Wisconsin."
200_human,where is the valley at in los angeles,human,0,"The San Fernando Valley (locally known as ""The Valley"") is an urbanized valley located in the Los Angeles metropolitan area of southern California , United States , defined by the mountains of the Transverse Ranges circling it."
200_ai_original,where is the valley at in los angeles,ai_original,1,"The San Fernando Valley, commonly known as ""the Valley,"" is a region in the Los Angeles metropolitan area of Southern California. It is located north of the city of Los Angeles and is bounded by the Santa Susana Mountains to the northwest, the Simi Hills to the west, the Santa Monica Mountains and Chalk Hills to the south, and the Verdugo Mountains to the east. It is home to numerous neighborhoods, cities, and communities, including North Hollywood, Van Nuys, Burbank, and Calabasas. The Valley is known for its diverse population, cultural attractions, and iconic landmarks such as the Hollywood Sign and Universal Studios."
201_human,when was the world of coca cola built,human,0,"It opened to the public on May 24, 2007, relocating from and replacing the original exhibit."
201_ai_original,when was the world of coca cola built,ai_original,1,"The World of Coca-Cola is a museum and visitor center in Atlanta, Georgia that showcases the history and products of the Coca-Cola Company. It was opened to the public on May 24, 1990. The museum is located in Pemberton Place, near the Georgia Aquarium, the Georgia World Congress Center, and Centennial Olympic Park. The World of Coca-Cola offers a variety of interactive exhibits and displays, including a replica of the first Coca-Cola bottling plant, a 4D movie theater, and a tasting room where visitors can sample a variety of Coca-Cola products from around the world. The museum is a popular tourist destination in Atlanta and attracts millions of visitors each year."
202_human,when is susan smith eligible for parole,human,0,"According to the South Carolina Department of Corrections , Smith will be eligible for parole on November 4, 2024, after serving a minimum of thirty years."
202_ai_original,when is susan smith eligible for parole,ai_original,1,"I'm sorry, but I don't have any information on the parole eligibility of Susan Smith. It is important to note that parole eligibility and release from prison are determined by a variety of factors, including the specific laws of the jurisdiction in which the crime was committed, the sentence handed down by the court, and the individual's behavior while in prison. It is not possible for me to accurately determine an individual's parole eligibility without more information."
203_human,what is the highest mountain in america and where is is located?,human,0,"Located in the Alaska Range in the interior of US state of Alaska , it is the centerpiece of Denali National Park and Preserve ."
203_ai_original,what is the highest mountain in america and where is is located?,ai_original,1,"The highest mountain in North America is Mount Denali, which is located in the state of Alaska. It is also known as Mount McKinley. Denali stands at an elevation of approximately 20,310 feet (6,190 meters) above sea level and is the third highest peak in the world. It is a popular destination for mountain climbers and is located within Denali National Park and Preserve."
204_human,what is the defensive line in football called,human,0,"Within those platoons, various specific positions exist depending on what the player's main job is."
204_ai_original,what is the defensive line in football called,ai_original,1,"In American football, the defensive line is a group of players on the defense who line up along the line of scrimmage. Their primary responsibility is to defend against the offense's running game and to pressure the quarterback in passing situations. The defensive line typically consists of a group of players who are positioned on the line of scrimmage, just in front of the linebackers. The defensive line is also sometimes referred to as the front seven, because it includes the defensive ends, defensive tackles, and the nose tackle, which are the seven players on the line of scrimmage. These players are typically the largest and strongest on the defense, and they are responsible for occupying the offensive linemen and disrupting the play of the offense."
205_human,when was everybody hates chris made,human,0,"Everybody Hates Chris is an American television period sitcom that depicts the teenage experiences of comedian Chris Rock (who is also the narrator ) while growing up in the Bedford-Stuyvesant neighborhood of Brooklyn, New York ."
205_ai_original,when was everybody hates chris made,ai_original,1,"""Everybody Hates Chris"" is a television show that aired on UPN and The CW from 2005 to 2009. It was created by Chris Rock and Ali LeRoi, and it was inspired by Rock's own childhood experiences growing up in Brooklyn, New York. The show was well-received by critics and audiences alike and has since become a cult classic."
206_human,where is kos from?,human,0,"Kevin Brereton (born February 20, 1972), better known by his stage name k-os (; ""chaos""), is a Canadian rapper , singer , songwriter and record producer ."
206_ai_original,where is kos from?,ai_original,1,"Kos is a Greek island located in the Aegean Sea. It is the third largest island in the Dodecanese group, after Rhodes and Karpathos. The island is located just off the coast of Turkey, to the west of the mainland. It is known for its beautiful beaches, ancient ruins, and vibrant nightlife. Kos is a popular destination for tourists, who come to enjoy the island's natural beauty and rich cultural heritage."
207_human,what is lung effusion,human,0,"Pleural effusion is excess fluid that accumulates between the two pleural layers , the fluid-filled space that surrounds the lungs."
207_ai_original,what is lung effusion,ai_original,1,"Lung effusion is a condition in which excess fluid accumulates in the space between the layers of tissue that line the lungs and the chest cavity. This fluid can cause the lungs to become congested, making it difficult to breathe.\n\nThere are several potential causes of lung effusion, including infection, heart failure, cancer, and kidney or liver disease. Symptoms of lung effusion may include shortness of breath, coughing, chest pain, and fatigue.\n\nDiagnosis of lung effusion typically involves a physical examination and imaging tests such as chest X-ray or computed tomography (CT) scan. Treatment may involve removing the excess fluid through a procedure called thoracentesis, using medications to treat the underlying cause of the effusion, or both. In some cases, surgery may be necessary to address the underlying cause of the effusion."
208_human,what is the population of san francisco,human,0,"San Francisco is the fourth most populous city in California, after Los Angeles , San Diego and San Jose , and the 14th most populous city in the United States—with a population of 805,235 as of the 2010 Census."
208_ai_original,what is the population of san francisco,ai_original,1,"As of 2021, the population of San Francisco, California is estimated to be around 883,305. This number is constantly changing due to factors such as birth, death, and migration. San Francisco is the 13th most populous city in the United States and the 4th most populous city in the state of California. It is located in the San Francisco Bay Area, which is home to more than 7 million people."
209_human,who is the writer of the beowulf poem?,human,0,Its composition by an anonymous Anglo-Saxon poet is dated between the 8th and the early 11th century.
209_ai_original,who is the writer of the beowulf poem?,ai_original,1,"The Beowulf poem is an Old English epic poem that was likely written in the 8th or 9th century. It is not known who the author of the poem was, as it has been passed down through the centuries and the original manuscript does not contain any information about the author. The poem has been attributed to a variety of writers, including the monk who copied the manuscript, but it is ultimately not possible to know for certain who the author was."
210_human,what is go daddy.com?,human,0,Go Daddy or Go Daddy Group Inc. is a privately held company that is primarily an internet domain registrar and web hosting company.
210_ai_original,what is go daddy.com?,ai_original,1,"GoDaddy is a technology company that offers a variety of Internet services, including domain registration, website hosting, and e-commerce solutions. They are one of the largest domain registrars in the world, with over 19 million customers and over 77 million domain names under management. In addition to their core business of registering and managing domain names, GoDaddy also offers a variety of tools and services to help small businesses and individuals create and manage their online presence, including website builders, online marketing services, and e-commerce solutions."
211_human,where is andy whitfield from?,human,0,Andy Whitfield (died 11 September 2011) was a Welsh Australian actor and model.
211_ai_original,where is andy whitfield from?,ai_original,1,"Andy Whitfield was a Welsh actor. He was born in Ammanford, Carmarthenshire, Wales on October 17, 1971. Whitfield was best known for his role as Spartacus in the Starz television series ""Spartacus: Blood and Sand"" and its prequel, ""Spartacus: Gods of the Arena."""
212_human,where is the country andorra located,human,0,"Andorra (; , ), officially the Principality of Andorra (), also called the Principality of the Valleys of Andorra, (), is a landlocked microstate in Southwestern Europe , located in the eastern Pyrenees mountains and bordered by Spain and France ."
212_ai_original,where is the country andorra located,ai_original,1,"Andorra is a small country located in southwestern Europe, in the eastern Pyrenees mountains between Spain and France. It is a landlocked country with an area of about 468 square kilometers and a population of around 77,000. Andorra is a principality, with the President of France and the Bishop of Urgell, Catalonia, Spain serving as co-princes. The capital of Andorra is Andorra la Vella, which is located in the central part of the country."
213_human,what is the highest point in oahu,human,0,"The highest point is Mt. Ka'ala in the Waianae Range, rising to above sea level."
213_ai_original,what is the highest point in oahu,ai_original,1,"The highest point on the island of Oahu in Hawaii is Mount Ka'ala, which stands at 4,025 feet (1,227 meters) above sea level. It is located in the Waianae Range, a mountain range on the western side of the island. The mountain is a popular hiking destination and offers panoramic views of the island and the surrounding Pacific Ocean."
214_human,"what is the concept of ""wellness"" ?",human,0,"Wellness is generally used to mean a healthy balance of the mind, body and spirit that results in an overall feeling of well-being ."
214_ai_original,"what is the concept of ""wellness"" ?",ai_original,1,"Wellness is a holistic concept that refers to the overall well-being of an individual. It encompasses physical, mental, emotional, and social health, and is often used to describe a state of balance and harmony in these areas of life.\n\nWellness is not just the absence of illness or disease, but rather a proactive approach to living a healthy and fulfilling life. It involves taking care of oneself through activities such as regular exercise, healthy eating, getting enough sleep, and engaging in stress-reducing activities like meditation or yoga. It also involves being aware of and taking care of one's emotional and mental health, and building strong social connections with others.\n\nWellness is a personal and ongoing journey, and what it means to be well may be different for each individual. It involves making choices and taking actions that contribute to overall well-being, and can involve setting and working towards personal goals related to health and happiness."
215_human,who is the actor that plays harry potter,human,0,"Daniel Radcliffe , who portrays Harry Potter , has been the icon of the film series since the release of the first film in 2001."
215_ai_original,who is the actor that plays harry potter,ai_original,1,"The actor who plays Harry Potter in the Harry Potter film series is Daniel Radcliffe. He was cast as the character when he was 11 years old and played the role in all eight Harry Potter films, which were released between 2001 and 2011. Radcliffe received widespread acclaim for his portrayal of Harry Potter and the character has become one of the most iconic and beloved in film history."
216_human,where was martin luther born,human,0,"Martin Luther (; 10 November 1483 – 18 February 1546) was a German monk , former Catholic priest , professor of theology and seminal figure of a reform movement in sixteenth century Christianity , subsequently known as the Protestant Reformation ."
216_ai_original,where was martin luther born,ai_original,1,"Martin Luther was born on November 10, 1483 in Eisleben, Germany. He was a German monk, theologian, and professor who is best known for his role in the Protestant Reformation, a movement that sought to reform the Roman Catholic Church and challenge certain teachings and practices. Luther is considered one of the most influential figures in the history of Christianity, and his writings and ideas continue to be studied and debated today."
217_human,who are the girls from the bad girls club?,human,0,"The show centers on seven feisty and mischievous women with different backgrounds and personalities, who have a number of psychological and behavioral problems."
217_ai_original,who are the girls from the bad girls club?,ai_original,1,"The Bad Girls Club is a reality television series that aired on the Oxygen network from 2006 to 2012. The show followed the lives of a group of young women who lived together in a house for several months and engaged in a variety of challenges and conflicts with each other. Each season featured a different cast of women, who were known as ""bad girls"" due to their outspoken and often controversial behavior. Some of the women who appeared on the show include Tanisha Thomas, Sarah Olmsted Thomas, and Judi Jai."
218_human,where is mark sanchez from,human,0,"Mark Travis John Sanchez (born November 11, 1986) is an American football quarterback for the New York Jets of the National Football League (NFL)."
218_ai_original,where is mark sanchez from,ai_original,1,"Mark Sanchez is a former American football quarterback who was born on November 11, 1986 in Long Beach, California. He played college football at the University of Southern California, and was selected by the New York Jets in the first round of the 2009 NFL Draft. Sanchez played for the Jets for four seasons, and also played for the Philadelphia Eagles, Dallas Cowboys, Chicago Bears, and Washington Football Team during his professional career."
219_human,what is kathmandu known for,human,0,Kathmandu ( ; ) is the capital and largest urban agglomerate of Nepal .
219_ai_original,what is kathmandu known for,ai_original,1,"Kathmandu is the capital and largest city of Nepal. It is known for being a cultural and religious hub, as it is home to several UNESCO World Heritage Sites, including the Kathmandu Durbar Square, the Swayambhunath Temple, and the Boudhanath Stupa. Kathmandu is also known for its bustling markets, such as the Asan Tole and the Thamel District, which are popular with tourists for their souvenirs, handicrafts, and traditional clothing. The city is also known for its delicious food, including momos (dumplings) and thukpa (noodle soup). Additionally, Kathmandu is a gateway to several trekking and mountaineering destinations in the Himalayas, including Mount Everest."
220_human,what is chep pallet,human,0,"CHEP (Commonwealth Handling Equipment Pool) is an international company dealing in pallet and container pooling services, serving customers in a range of industrial and retail supply chains ."
220_ai_original,what is chep pallet,ai_original,1,"A CHEP pallet is a type of wooden pallet that is used for shipping and storage in various industries. It is owned and managed by CHEP, a global supply chain solutions company that specializes in pallet and container pooling services. CHEP pallets are designed to be durable, reusable, and easy to handle, and are used for a wide range of products, including food, beverages, household goods, and industrial supplies. They are typically made from high-quality, treated wood and are built to withstand the rigors of the supply chain. CHEP pallets are also equipped with a unique identification number, which allows them to be tracked and managed throughout the supply chain."
221_human,who is the founder of twitter,human,0,"Twitter was created in March 2006 by Jack Dorsey and by July, the social networking site was launched."
221_ai_original,who is the founder of twitter,ai_original,1,"Twitter was founded by Jack Dorsey, Biz Stone, and Evan Williams in 2006. Jack Dorsey is the CEO and co-founder of Twitter, and is also the CEO of Square, a financial services company. Biz Stone is the co-founder and creative director of Twitter, and is also the co-founder of Obvious, a company that creates and invests in technology and media projects. Evan Williams is the co-founder and former CEO of Twitter, and is also the co-founder of Blogger, a blogging platform, and Medium, a publishing platform."
222_human,who owned kansas before it became a state,human,0,"It is named after the Kansas River which flows through it, which in turn was named after the Kansa Native American tribe, which inhabited the area."
222_ai_original,who owned kansas before it became a state,ai_original,1,"Before it became a state, Kansas was part of the Louisiana Purchase, which was a large tract of land in North America that the United States acquired from France in 1803. Prior to that, the area had been controlled by various Native American tribes, including the Kansas, Osage, and Pawnee. In the early 19th century, the United States began to exert greater influence over the region, and Kansas became a territory in 1854. It was admitted as a state in 1861."
223_human,what was the steelworkers strike,human,0,"The Steel Strike of 1919 was an attempt by the weakened Amalgamated Association of Iron, Steel and Tin Workers (the AA) to organize the United States steel industry in the wake of World War I ."
223_ai_original,what was the steelworkers strike,ai_original,1,"The Steelworkers Strike refers to a series of strikes and labor disputes that occurred in the steel industry in the United States in the mid-20th century. These strikes were characterized by intense conflicts between steelworkers and management, and often resulted in violent confrontations and widespread disruption of production.\n\nOne of the most significant Steelworkers Strikes occurred in 1959, when over 500,000 steelworkers across the country went on strike to demand higher wages and improved working conditions. The strike lasted for 116 days and resulted in a significant increase in wages for steelworkers.\n\nAnother major Steelworkers Strike occurred in 1986, when approximately 250,000 steelworkers went on strike to protest changes to their health and pension benefits. The strike lasted for three months and resulted in a number of concessions from management.\n\nThe Steelworkers Strike was a significant event in the history of the American labor movement, and it helped to establish the power and influence of organized labor in the United States.\n"
224_human,what is the function of the vas deferens?,human,0,"The vas deferens (plural: vasa deferentia), also called ductus deferens ( Latin : ""carrying-away vessel""; plural: ductus deferentes), is part of the male anatomy of many vertebrates ; they transport sperm from the epididymis in anticipation of ejaculation ."
224_ai_original,what is the function of the vas deferens?,ai_original,1,"The vas deferens, also known as the ductus deferens, is a long, muscular tube that carries sperm from the testes to the urethra in males. The vas deferens plays an important role in the reproductive system because it transports sperm to the urethra, where it can be ejaculated during sexual intercourse.\n\nDuring ejaculation, the smooth muscles in the walls of the vas deferens contract and push the sperm forward. The sperm then mixes with other fluids produced by the prostate gland and the seminal vesicles to form semen, which is ejaculated through the urethra.\n\nIn addition to its role in reproduction, the vas deferens also plays a role in the production of hormones. It contains cells called Leydig cells, which produce testosterone, a male hormone that plays a key role in the development of male secondary sexual characteristics and the maintenance of muscle mass and strength.\n\nOverall, the vas deferens is an important structure in the male reproductive system that is essential for fertility and the production of hormones.\n"
225_human,what is quasi judicial agency,human,0,"A quasi-judicial body is an entity such as an arbitrator or tribunal board, generally of a public administrative agency, which has powers and procedures resembling those of a court of law or judge , and which is obligated to objectively determine facts and draw conclusions from them so as to provide the basis of an official action."
225_ai_original,what is quasi judicial agency,ai_original,1,"A quasi-judicial agency is an administrative agency that performs functions that are similar to those of a court of law. These agencies have the authority to interpret and apply laws and regulations, and they often have the power to make decisions that are legally binding. Quasi-judicial agencies are often responsible for handling disputes or controversies that arise within their areas of jurisdiction.\n\nExamples of quasi-judicial agencies include administrative law judges, boards of tax appeal, and certain regulatory agencies that have the authority to enforce laws and regulations. Quasi-judicial agencies often have procedures in place to ensure that parties have the opportunity to present their case and have a fair hearing before a decision is made.\n\nIn contrast to quasi-judicial agencies, judicial agencies are typically part of the judicial branch of government and have the authority to interpret and apply the law in the same way as a court of law. Examples of judicial agencies include courts at all levels of government, including federal, state, and local courts."
226_human,where is humboldt ks,human,0,"Humboldt is a city situated along the Neosho River in the southwest part of Allen County , located in southeast Kansas , in the Central United States ."
226_ai_original,where is humboldt ks,ai_original,1,"Humboldt is a city in Allen County, Kansas, United States. It is located in the southeastern part of the state, about 50 miles southwest of the capital city of Topeka. Humboldt is situated along U.S. Route 169 and is a short distance from the Neosho River. The city has a population of about 3,000 people and is known for its rich history, friendly community, and beautiful natural surroundings."
227_human,what was bernie madoff selling,human,0,"Bernard Lawrence ""Bernie"" Madoff (; born April 29, 1938) is an American former stockbroker , investment advisor , financier , and white collar criminal ."
227_ai_original,what was bernie madoff selling,ai_original,1,"Bernie Madoff was a financial advisor and investment manager who operated a Ponzi scheme, a fraudulent investment scheme in which he promised high returns to investors but actually used the money from new investors to pay the returns promised to earlier investors, rather than generating actual profits through legitimate business activities. Madoff's scheme eventually collapsed, and he was convicted of securities fraud and other charges in 2009. He is currently serving a prison sentence."
228_human,who is elizabeth from general hospital who are the boys fathers,human,0,Elizabeth Imogene Webber (formerly Lansing and Spencer) is a fictional character on the ABC Daytime soap opera General Hospital .
228_ai_original,who is elizabeth from general hospital who are the boys fathers,ai_original,1,"Elizabeth Webber is a fictional character on the ABC soap opera General Hospital. She is the daughter of Dr. Jeff Webber and his ex-wife, Carolyn. Elizabeth has had several relationships and marriages on the show, including a marriage to Lucky Spencer, the son of Luke and Laura Spencer. Elizabeth has also had relationships with Jason Morgan and Nikolas Cassadine. It is not clear who the fathers of Elizabeth's children are, as this information has not been disclosed on the show."
229_human,what is bilirubin total,human,0,Bilirubin (formerly referred to as hematoidin) is the yellow breakdown product of normal heme catabolism .
229_ai_original,what is bilirubin total,ai_original,1,"Bilirubin is a yellowish substance that is produced when red blood cells break down. It is normally present in small amounts in the blood, but high levels of bilirubin can indicate a problem with the liver or other parts of the body's system for processing and eliminating waste products.\n\nTotal bilirubin refers to the sum of all the different types of bilirubin in the blood. It is typically measured as part of a liver function test or as part of a comprehensive metabolic panel, which is a group of tests that measure various substances in the blood to assess the overall health of the body's organs and systems.\n\nElevated levels of total bilirubin can be a sign of liver disease, such as hepatitis or cirrhosis, or other conditions that affect the liver's ability to function properly. It can also be caused by certain medications or conditions that affect the breakdown of red blood cells, such as thalassemia or sickle cell anemia.\n\nIf you have questions about your bilirubin levels or are concerned about liver health, it is important to speak with a healthcare provider for further evaluation and guidance."
230_human,what is evoked otoacoustic emissions,human,0,An otoacoustic emission (OAE) is a sound which is generated from within the inner ear .
230_ai_original,what is evoked otoacoustic emissions,ai_original,1,"Evoked otoacoustic emissions (EOAEs) are sounds that are produced by the inner ear (cochlea) in response to an auditory stimulus. They can be measured by a specialized microphone that is placed in the ear canal. EOAEs are thought to be produced by the movement of tiny hair cells within the cochlea that are responsible for transducing (converting) sound waves into electrical signals that the brain can interpret.\n\nEOAEs are often used as a diagnostic tool to assess the function of the auditory system. They can be used to determine whether there is damage or dysfunction in the cochlea or auditory pathways, and they are often used in newborn hearing screenings to identify hearing problems in infants. EOAEs are generally considered to be a reliable and noninvasive method for evaluating auditory function."
231_human,what is IBRIX,human,0,"IBRIX Fusion is a scalable parallel file system combined with integrated logical volume manager , availability features and a management interface."
231_ai_original,what is IBRIX,ai_original,1,"I'm sorry, but I am unable to find any information about a technology or product called ""IBRIX."" Could you provide more context or clarify what you are asking about?"
232_human,when was the web invented,human,0,"Using concepts from his earlier hypertext systems like ENQUIRE , British engineer, computer scientist and at that time employee of the CERN , Sir Tim Berners-Lee , now Director of the World Wide Web Consortium (W3C), wrote a proposal in March 1989 for what would eventually become the World Wide Web."
232_ai_original,when was the web invented,ai_original,1,"The World Wide Web was invented in 1989 by Sir Tim Berners-Lee while he was working at CERN, the European Organization for Nuclear Research, in Switzerland. He proposed the idea of the Web as a way to share information among researchers at CERN, and he wrote the first web browser and server software to make it possible to access and publish information on the Web. The Web has since become a vast and essential part of modern life, with billions of people around the world using it for communication, entertainment, education, and business."
233_human,who is victoria jackson from saturday night live,human,0,"Victoria Jackson (born August 2, 1959) is an American comedian, actress, satirist, singer and internet blogger best known as a cast member of the NBC television sketch comedy series Saturday Night Live (SNL) from 1986 to 1992."
233_ai_original,who is victoria jackson from saturday night live,ai_original,1,"Victoria Jackson is a former cast member of the television sketch comedy show Saturday Night Live (SNL). She was a member of the show's cast from 1986 to 1992 and was known for her comedic performances and impressions of celebrities such as Madonna and Dolly Parton. Jackson has also appeared in several films and television shows, and has released several comedy albums. After leaving SNL, she continued to work as a comedian and actress, and has also become known for her political activism and conservative views."
234_human,what was the post modernist era in literature?,human,0,"Postmodern literature is literature characterized by heavy reliance on techniques like fragmentation, paradox, and questionable narrators, and is often (though not exclusively) defined as a style or trend which emerged in the post–World War II era."
234_ai_original,what was the post modernist era in literature?,ai_original,1,"The postmodernist era in literature refers to a literary movement that emerged in the latter half of the 20th century and has continued to the present day. This movement is characterized by a questioning of traditional narrative and literary forms, and a focus on the individual's subjective experience.\n\nPostmodernist literature often rejects the notion of a single, objective truth, and instead emphasizes the role of language and interpretation in constructing meaning. It also often incorporates elements of popular culture and media, and makes use of irony and self-referentiality.\n\nSome key figures in the postmodernist movement in literature include Jean-François Lyotard, Jean Baudrillard, and Jacques Derrida, as well as writers such as Thomas Pynchon, Don DeLillo, and Kathy Acker.\n\nOverall, the postmodernist era in literature is marked by a rejection of traditional literary forms and a focus on the individual's subjective experience and the role of language in constructing meaning.\n"
235_human,when was scooby doo created,human,0,"Scooby-Doo is an American animated cartoon franchise , comprising several animated television series produced from 1969 to the present day."
235_ai_original,when was scooby doo created,ai_original,1,"Scooby-Doo is a popular animated television series that was created by American animators Joe Ruby and Ken Spears and produced by Hanna-Barbera Productions. The series was first broadcast on CBS in September 1969 and has since become a beloved and iconic part of popular culture. The show follows the adventures of a group of young detectives who solve mysteries with the help of their lovable Great Dane, Scooby-Doo."
236_human,what is the federal death tax,human,0,"The estate tax in the United States is a tax imposed on the transfer of the ""taxable estate "" of a deceased person, whether such property is transferred via a will , according to the state laws of intestacy or otherwise made as an incident of the death of the owner, such as a transfer of property from an intestate estate or trust, or the payment of certain life insurance benefits or financial account sums to beneficiaries."
236_ai_original,what is the federal death tax,ai_original,1,"The federal death tax is a tax on the transfer of property at death. It is also known as the estate tax. The tax is imposed on the value of the deceased person's estate, which includes all property, real estate, and financial assets owned by the deceased at the time of death. The estate tax is levied at a flat rate of 40% on the value of the estate above a certain exemption amount, which is set by law and adjusts for inflation each year.\n\nThe estate tax is designed to tax the transfer of wealth from one generation to another, and it is only imposed on estates that exceed a certain value. The current exemption amount for the estate tax is $11.7 million for individuals and $23.4 million for married couples. This means that if the value of the deceased person's estate is less than the exemption amount, no estate tax will be due.\n\nIt's important to note that the federal death tax is different from the federal gift tax, which is a tax on the transfer of property during a person's lifetime. The gift tax is imposed at the same rate as the estate tax and is subject to the same exemption amount."
237_human,when was raphael born,human,0,"Raffaello Sanzio da Urbino (April 6 or March 28, 1483 – April 6, 1520), better known simply as Raphael, was an Italian painter and architect of the High Renaissance ."
237_ai_original,when was raphael born,ai_original,1,"Raphael was born on April 6, 1483 in Urbino, Italy. He was an Italian painter and architect who is considered one of the greatest artists of the High Renaissance. Raphael is known for his paintings, which are characterized by their clarity, simplicity, and harmony of composition, as well as their sensitivity to the human form and emotional content. Some of his most famous works include the Madonna and Child paintings, the Sistine Madonna, and the School of Athens fresco in the Vatican. Raphael died on April 6, 1520, at the age of 37."
238_human,who is the CEO OF FACEBOOK,human,0,"As of April 2013, Zuckerberg is the chairman and chief executive of Facebook, Inc. and in 2013 his personal wealth was estimated to be US$13 .3 billion ."
238_ai_original,who is the CEO OF FACEBOOK,ai_original,1,"As of 2021, the CEO of Facebook is Mark Zuckerberg. He co-founded Facebook in 2004 while he was a student at Harvard University, and he has served as the CEO since the company was founded. Under Zuckerberg's leadership, Facebook has grown to become one of the largest and most influential technology companies in the world."
239_human,What Is the Largest Whale,human,0,"At in length and or more in weight, it is the largest known animal to have ever existed."
239_ai_original,What Is the Largest Whale,ai_original,1,"The blue whale is the largest animal on Earth, reaching lengths of up to 100 feet (30 meters) and weighing as much as 200 tons. They are found in all the world's oceans and are known for their distinctive blue-gray color and long, slender bodies. Blue whales are part of the baleen whale family, which means they have long, flexible plates of keratin in their mouths instead of teeth, which they use to filter small prey such as krill from the water. Blue whales are endangered and their population has been severely reduced by hunting and other human activities. Despite their enormous size, they are generally peaceful and do not pose a threat to humans."
240_human,What Is Range in Math,human,0,is a function from domain X to codomain Y.
240_ai_original,What Is Range in Math,ai_original,1,"In mathematics, the range of a function is the set of all possible output values it can produce. Given a function f(x) with input x and output f(x), the range of the function is the set of all possible values of f(x) as x varies over its domain.\n\nFor example, if f(x) = x^2, then the range of the function is all non-negative real numbers, since any value of x will result in a non-negative value of x^2.\n\nThe range of a function can also be expressed as a interval on the real number line. For example, the range of the function f(x) = x^2 for x in the interval [-3,3] is [0,9], since the output values of the function will always be between 0 and 9 for input values between -3 and 3.\n\nIn addition to functions, the term ""range"" can also refer to the set of possible values that a variable can take on. For example, the range of a variable x that is restricted to the values 1, 2, and 3 is the set {1, 2, 3}."
241_human,where is the seed located in an artichoke,human,0,The edible matter is buds that form within the flower heads before the flowers come into bloom.
241_ai_original,where is the seed located in an artichoke,ai_original,1,"The seed of an artichoke is located inside the base of the artichoke, in the center of the vegetable. To access the seed, you will need to remove the inedible parts of the artichoke, including the leaves and the prickly tops. Once these are removed, you will be able to see the seed at the bottom of the artichoke, surrounded by a mass of inedible fibers. The seed can be removed and discarded, as it is not typically eaten."
242_human,who is on the hundred dollar bill,human,0,"U.S. statesman, inventor, and diplomat Benjamin Franklin is currently featured on the obverse of the bill."
242_ai_original,who is on the hundred dollar bill,ai_original,1,"The hundred dollar bill is one of the denominations of United States currency. The current design of the hundred dollar bill features a portrait of Benjamin Franklin, one of the Founding Fathers of the United States and a respected scientist, inventor, and statesman. Benjamin Franklin's portrait has appeared on the hundred dollar bill since 1914, and the design of the bill has been updated several times since then to include security features to prevent counterfeiting."
243_human,what is the ingredient in mustard,human,0,"Mustard (or yellow sauce) is a condiment made from the seeds of a mustard plant (white or yellow mustard, Sinapis hirta ; brown or Indian mustard, Brassica juncea ; or black mustard, B. nigra )."
243_ai_original,what is the ingredient in mustard,ai_original,1,"Mustard is made from mustard seeds, vinegar, and other ingredients such as water, salt, sugar, and spices. The type of mustard seeds and the other ingredients used can vary depending on the type of mustard being made and the recipe being followed.\n\nYellow mustard is typically made from mustard seeds, vinegar, water, and turmeric, which gives it its yellow color. Dijon mustard is made from mustard seeds, white wine, and other ingredients such as vinegar, water, and spices.\n\nOther types of mustard, such as brown mustard or whole grain mustard, may be made with different types of mustard seeds and may include additional ingredients such as honey, molasses, or other spices. Some types of mustard may also contain additives such as preservatives or food coloring."
244_human,who are the members of the climax blues band?,human,0,"The original members were guitarist/vocalist Peter Haycock , guitarist Derek Holt; keyboardist Arthur Wood; bassist Richard Jones; drummer George Newsome; and lead vocalist and saxophonist Colin Cooper."
244_ai_original,who are the members of the climax blues band?,ai_original,1,"The members of the Climax Blues Band are:\n\nColin Cooper - Lead Vocals, Saxophone, Harmonica\nDerek Holt - Guitar, Vocals\nPete Haycock - Guitar, Vocals\nArthur Wood - Keyboards, Vocals\nRichard Jones - Bass, Vocals\nGeorge Newsome - Drums, Percussion\nThe band formed in Stafford, England in 1968 and has gone through several lineup changes over the years. They are known for their blues-rock sound and have released numerous albums throughout their career."
245_human,where did the olmecs come from,human,0,"They lived in the tropical lowlands of south-central Mexico, in the modern-day states of Veracruz and Tabasco ."
245_ai_original,where did the olmecs come from,ai_original,1,"The Olmec civilization is believed to have developed in present-day Mexico, in the region now known as the Gulf Coast of Veracruz and Tabasco, around 1400 BCE. It is considered to be the first major civilization in Mexico and one of the earliest in the Americas. The Olmec people are thought to have migrated to the region from elsewhere, possibly from South America, but the exact origins of the Olmec civilization and the Olmec people are not well understood and are still a subject of research and debate among scholars."
246_human,when was Saddle Creek founded,human,0,"Started as a college class project on entrepreneurship, the label was founded by Mike Mogis and Justin Oberst in 1993 (as Lumberjack Records)."
246_ai_original,when was Saddle Creek founded,ai_original,1,"Saddle Creek is an independent record label based in Omaha, Nebraska. It was founded in 1993 by Robb Nansel and Mike Mogis, who were both students at the University of Nebraska at the time. The label was named after Saddle Creek Road, a street in Omaha where Mogis lived. Saddle Creek has released music by a number of notable artists, including Bright Eyes, The Faint, and Rilo Kiley."
247_human,where do sesame seeds come from,human,0,Numerous wild relatives occur in Africa and a smaller number in India.
247_ai_original,where do sesame seeds come from,ai_original,1,"Sesame seeds are native to Africa and have been cultivated for thousands of years. They are now grown in many parts of the world, including Asia, the Middle East, and Latin America. Sesame plants are annual herbs that grow to a height of about 2 to 4 feet. They produce small, oval-shaped seeds that are covered with a thin, papery skin. The seeds are typically light to dark brown in color, but can also be black or white. They have a nutty, slightly sweet flavor and are commonly used as a spice in many cuisines around the world. They are also used to make sesame oil, which is used in cooking and as a condiment, and are often used to make tahini, a paste made from ground sesame seeds that is used in many Middle Eastern dishes."
248_human,when did scott pilgrim come out,human,0,"Scott Pilgrim vs. the World is a 2010 American comedy film directed by Edgar Wright , based on the graphic novel series Scott Pilgrim by Bryan Lee O'Malley ."
248_ai_original,when did scott pilgrim come out,ai_original,1,"Scott Pilgrim vs. the World is a 2010 action-comedy film directed by Edgar Wright. It was released in theaters on August 13, 2010."
249_human,what is busiest airport in US,human,0,Hartsfield–Jackson Atlanta International Airport is the busiest single airport in the United States.
249_ai_original,what is busiest airport in US,ai_original,1,"Hartsfield-Jackson Atlanta International Airport is the busiest airport in the United States. In 2020, it served over 107 million passengers, making it the busiest airport in the world in terms of passenger traffic. It is located in Atlanta, Georgia and serves as a hub for Delta Air Lines and Southwest Airlines. Other busy airports in the United States include Los Angeles International Airport, Chicago O'Hare International Airport, and Dallas/Fort Worth International Airport."
250_human,where is dear john filmed at,human,0,"The movie was filmed in 2009 in Charleston, South Carolina ."
250_ai_original,where is dear john filmed at,ai_original,1,"""Dear John"" is a romantic drama film released in 2010 and directed by Lasse Hallström. The film is based on a novel of the same name by Nicholas Sparks and stars Channing Tatum and Amanda Seyfried.\n\nThe film was shot on location in North Carolina, primarily in the Charlotte and Wilmington areas. Some of the specific locations where the film was shot include the University of North Carolina Wilmington, the Bald Head Island Lighthouse, and the town of Southport."
251_human,who sang what a wonderful world,human,0,It was first recorded by Louis Armstrong and released as a single in 1967.
251_ai_original,who sang what a wonderful world,ai_original,1,"""What a Wonderful World"" is a song written by Bob Thiele (as ""George Douglas"") and George David Weiss. It was first recorded by Louis Armstrong and released in 1967. The song became one of Armstrong's biggest hits and is considered one of the most popular songs of the 20th century. It is known for its optimistic lyrics and upbeat melody, which convey a sense of joy and appreciation for the beauty of the world. The song has been covered by many artists over the years, but Armstrong's version is perhaps the most well-known and beloved."
252_human,what month is the president inaugurated,human,0,"The day a presidential inauguration occurs is known as ""Inauguration Day"" and occurs on January 20 (or 21st if the 20th is a Sunday)."
252_ai_original,what month is the president inaugurated,ai_original,1,"In the United States, the President is inaugurated on January 20th in a ceremony held at the United States Capitol building in Washington, D.C. This ceremony marks the start of the President's term in office. The President-elect takes the oath of office and delivers an inaugural address outlining their vision and priorities for their term. The inauguration traditionally takes place at noon, and is followed by a parade and various other events and celebrations."
253_human,when did Emperor Justinian die,human,0,"Justinian I () (, ) (c. 482 – 14 November 565), commonly known as Justinian the Great, was Byzantine Emperor from 527 to 565."
253_ai_original,when did Emperor Justinian die,ai_original,1,"Emperor Justinian I, also known as Justinian the Great, died on November 14, 565. He was a Byzantine emperor who ruled from 527 to 565 and is best known for his legal and administrative reforms, as well as his construction projects, including the Hagia Sophia in Constantinople. Justinian's reign marked the beginning of a period of recovery and expansion for the Byzantine Empire, which had been weakened by invasions and internal strife in previous centuries."
254_human,what is human chorionic,human,0,"In molecular biology , human chorionic gonadotropin (hCG) is a hormone produced by the fertilized egg after conception ."
254_ai_original,what is human chorionic,ai_original,1,"Human chorionic gonadotropin (hCG) is a hormone produced during pregnancy. It is produced by the developing placenta and is necessary for the maintenance of pregnancy. hCG is produced by the cells that eventually form the placenta and is first detected in the blood and urine of pregnant women about 10 days after fertilization (conception). The levels of hCG in the blood and urine of pregnant women increase as the pregnancy progresses.\n\nhCG is often used as a marker for pregnancy and is the hormone detected in home pregnancy tests. It is also used as a diagnostic test for certain types of cancer, such as testicular cancer, ovarian cancer, and gestational trophoblastic disease (a type of cancer that affects the tissue that would normally become the placenta)."
255_human,where is the brisket from,human,0,Brisket is a cut of meat from the breast or lower chest of beef or veal .
255_ai_original,where is the brisket from,ai_original,1,"Brisket is a cut of meat that comes from the breast or lower chest of a cow. It is a relatively tough cut of meat that requires slow cooking methods such as braising or smoking to tenderize it and make it flavorful. Brisket is a popular choice for barbecue, particularly in the southern United States, and it is also often used in Jewish cuisine for dishes such as corned beef and pastrami."
256_human,when did ms .drgs go into effect,human,0,"DRGs have been used in the US since 1982 to determine how much Medicare pays the hospital for each ""product"", since patients within each category are clinically similar and are expected to use the same level of hospital resources."
256_ai_original,when did ms .drgs go into effect,ai_original,1,"The MS-DRGs (Medicare Severity Diagnosis Related Groups) system went into effect on October 1, 2007 as a way to classify hospital inpatient cases into one of 745 distinct groups for the purpose of payment. The MS-DRGs are used by the Centers for Medicare and Medicaid Services (CMS) to determine the amount of payment that hospitals will receive for services provided to Medicare beneficiaries. The MS-DRGs use a combination of diagnoses, procedures, and patient characteristics to categorize cases and determine the appropriate level of payment. The MS-DRGs are used to reimburse hospitals for the care provided to Medicare beneficiaries and are based on the severity of the patient's illness, the complexity of the treatment provided, and the expected length of stay in the hospital."
257_human,where is basque spoken,human,0,"Basque ( endonym : , ) is the ancestral language of the Basque people , who inhabit the Basque Country , a region spanning an area in northeastern Spain and southwestern France ."
257_ai_original,where is basque spoken,ai_original,1,"Basque is a language spoken by the Basque people, who live in the Basque Country, an autonomous community located in the north of Spain and the southwest of France. The language is predominantly spoken in the Basque Autonomous Community and Navarre in Spain, as well as in the Basque province of Labourd, the western part of the French department of Pyrénées-Atlantiques, and a small part of the western region of Soule in France. The Basque language is not related to any of the Indo-European languages and is one of the oldest living languages in Europe. It is spoken by about 700,000 people in the Basque Country and by a smaller number of people in other parts of the world."
258_human,what mountains are on appalachian trail,human,0,"The Appalachian National Scenic Trail, generally known as the Appalachian Trail or simply the A.T., is a marked hiking trail in the eastern United States extending between Springer Mountain in Georgia and Mount Katahdin in Maine ."
258_ai_original,what mountains are on appalachian trail,ai_original,1,"The Appalachian Trail is a long-distance hiking trail that runs from Springer Mountain in Georgia to Mount Katahdin in Maine. Along the way, it passes through a number of mountain ranges, including the Great Smoky Mountains, the Blue Ridge Mountains, the White Mountains, and the Green Mountains. Some of the specific mountains that the trail passes over or near include Blood Mountain, Clingmans Dome, Mount Washington, and Saddleback Mountain. These are just a few examples, as there are many other mountains and peaks along the trail."
259_human,who is mary matalin married to,human,0,She is married to Democratic political consultant James Carville .
259_ai_original,who is mary matalin married to,ai_original,1,"Mary Matalin is married to James Carville. Matalin is a Republican political strategist and commentator, while Carville is a Democratic political strategist and commentator. Despite their political differences, the couple has been married since 1993 and has two daughters together. Matalin and Carville are known for their ability to disagree politically while still maintaining a strong relationship."
260_human,what would be the deliverables,human,0,"A deliverable could be a report, a document, a server upgrade or any other building block of an overall project."
260_ai_original,what would be the deliverables,ai_original,1,"Deliverables are the outputs or products that are produced as a result of a project or process. Deliverables can take many forms, depending on the nature of the project or process, and may include physical products, reports, documents, presentations, or other materials.\n\nSome examples of deliverables might include:\n\nA product prototype or final product\nA marketing campaign or advertisement\nA software application or website\nA research report or white paper\nA presentation or pitch deck\nA project plan or timeline\nIn general, the deliverables of a project should be clearly defined and agreed upon by all parties involved in order to ensure that the project is successful and meets the needs and expectations of all stakeholders."
261_human,what school did oprah winfrey help,human,0,"The Oprah Winfrey Leadership Academy for Girls - South Africa is a female boarding school founded in January 2007 and located in Henley on Klip near Meyerton , south of Johannesburg , South Africa ."
261_ai_original,what school did oprah winfrey help,ai_original,1,"Oprah Winfrey has made significant contributions to education through her philanthropy and charitable work. One example of this is the Oprah Winfrey Leadership Academy for Girls in South Africa, which was founded in 2007 with the goal of providing a world-class education to disadvantaged girls from South Africa. The school provides a rigorous academic program, extracurricular activities, and support for the personal and social development of its students. Oprah Winfrey has also made donations to other educational institutions and organizations around the world, including the Morehouse College Martin Luther King Jr. International Chapel in Atlanta, Georgia, and the Oprah Winfrey Scholars Program at Tennessee State University."
262_human,what is a google in math,human,0,"A googol is the large number 10100; that is, the digit 1 followed by 100 zeroes :"
262_ai_original,what is a google in math,ai_original,1,"I'm not sure what you mean by ""a google in math."" Google is a company that operates a search engine, which is a tool that allows you to search for information on the internet. It is not a concept that is related to mathematics.\n\nIf you have a question about a specific mathematical concept or problem, please provide more information and I will do my best to help."
263_human,who plays mary poppins in the movie,human,0,"Mary Poppins is a 1964 musical film starring Julie Andrews , Dick Van Dyke , David Tomlinson , and Glynis Johns , produced by Walt Disney , and based on the Mary Poppins books series by P. L. Travers ."
263_ai_original,who plays mary poppins in the movie,ai_original,1,"In the 1964 film ""Mary Poppins,"" the role of Mary Poppins was played by Julie Andrews. Andrews won the Academy Award for Best Actress for her performance in the film, and the role helped to establish her as one of the most prominent actresses of the time. The film also featured Dick Van Dyke as Bert, a jack-of-all-trades who helps Mary Poppins take care of the children, and David Tomlinson as Mr. Banks, the father of the children Mary Poppins cares for."
264_human,what structure is disulfide bonds,human,0,"In chemistry , a disulfide bond (Br.E. disulphide bond) is a covalent bond , usually derived by the coupling of two thiol groups ."
264_ai_original,what structure is disulfide bonds,ai_original,1,"Disulfide bonds, also known as disulfide bridges or disulfide bonds, are covalent bonds that are formed between two sulfur atoms. These bonds are typically found in proteins, where they play a critical role in maintaining the three-dimensional structure of the protein.\n\nDisulfide bonds are formed when two cysteine amino acids in a protein molecule undergo a process called oxidative folding. During this process, the thiol (-SH) group of one cysteine amino acid reacts with the thiol group of another cysteine amino acid to form a covalent bond (-S-S-). This bond is relatively strong and can be thought of as a ""cross-link"" between the two cysteine residues.\n\nDisulfide bonds are important because they provide structural stability to proteins. They can help to hold the protein in its correct three-dimensional shape, and they can also help to prevent the protein from denaturing or unfolding under certain conditions. In addition, disulfide bonds can play a role in the function of some proteins by helping to bring certain regions of the protein into close proximity."
265_human,what is a redshirt freshman football player,human,0,"In United States college athletics , redshirt is a delay or suspension of an athlete's participation in order to lengthen his or her period of eligibility."
265_ai_original,what is a redshirt freshman football player,ai_original,1,"In college football, a redshirt freshman is a player who is in their first year of eligibility to play in games, but has not yet played in any games. A redshirt freshman is a player who is still in their first year of college and has not yet used up a year of their eligibility to play. The term ""redshirt"" refers to the practice of holding a player out of competition for a year in order to extend their period of eligibility. Redshirting is often used to allow a player to develop physically and mentally before they begin competing at the college level. Some players may redshirt in order to have more time to learn the playbook and develop their skills, while others may do so to recover from injury. Redshirting is also a way for coaches to manage the number of players on their roster and ensure that they have enough depth at each position."
266_human,who rules communism government,human,0,It has a form of government characterized by single-party rule or dominant-party rule of a communist party (referred as Dictatorship of the Proletariat by its proponents) and a professed allegiance to a Leninist or Marxist–Leninist ideology as the guiding principle of the state.
266_ai_original,who rules communism government,ai_original,1,"In a communist government, the ruling body is typically a single party that holds power and makes decisions for the entire country. This party is usually composed of a small group of leaders who are chosen by the party's members or elected through some form of democratic process. The party's ideology is based on the belief that all property should be owned collectively and that the wealth and resources of the country should be distributed equally among its citizens. In a communist government, the party is responsible for setting economic, social, and political policy, and for ensuring that these policies are implemented and enforced throughout the country."
267_human,who makes skittles?,human,0,"Skittles is a brand of fruit-flavoured sweets , currently produced and marketed by the Wm. Wrigley Jr. Company , a division of Mars, Inc."
267_ai_original,who makes skittles?,ai_original,1,"Skittles are a brand of fruit-flavored candies that are produced and marketed by the Wrigley Company, a division of Mars, Inc. Mars, Inc. is a global manufacturer of confectionery, pet food, and other food products, with operations in over 80 countries. The company was founded in 1911 by Frank C. Mars and is headquartered in McLean, Virginia, United States."
268_human,what year did South Africa become a team in rugby,human,0,"The side has been playing international rugby since 1891, when a British Isles side toured the nation, playing South Africa in their first Test on 30 July."
268_ai_original,what year did South Africa become a team in rugby,ai_original,1,"South Africa has been a team in international rugby since 1891, when it played its first test match against a British Isles touring team. The South African national team, also known as the Springboks, has a long and successful history in the sport and has won the Rugby World Cup three times."
269_human,who are all of the jonas brothers,human,0,"Formed in 2005, they have gained popularity from the Disney Channel children's television network and consists of three brothers from Wyckoff, New Jersey ; Paul Kevin Jonas II , Joseph Adam Jonas and Nicholas Jerry Jonas ."
269_ai_original,who are all of the jonas brothers,ai_original,1,"The Jonas Brothers are an American pop rock band formed in 2005 in Wyckoff, New Jersey. The band consists of three brothers: Kevin Jonas, Joe Jonas, and Nick Jonas. They gained popularity as teenagers in the late 2000s, starring in the Disney Channel television film ""Camp Rock"" and its sequel ""Camp Rock 2: The Final Jam."" The band has released several albums and singles, including ""S.O.S,"" ""Burnin' Up,"" and ""Lovebug."" In 2013, the Jonas Brothers announced that they were breaking up to pursue individual projects. However, they reunited in 2019 and released their fifth studio album, ""Happiness Begins."""
270_human,who did john f kennedy run against?,human,0,Kennedy defeated Vice President and Republican candidate Richard Nixon in the 1960 U.S. presidential election .
270_ai_original,who did john f kennedy run against?,ai_original,1,"John F. Kennedy ran against Richard Nixon in the 1960 presidential election. Kennedy, a Democrat, was ultimately successful in his campaign, becoming the 35th President of the United States. The election was one of the closest in American history, with Kennedy winning by a narrow margin in the popular vote and winning the electoral college by a margin of 303 to 219. It was also the first time that a Catholic had been elected President of the United States."
271_human,What is the purpose of North American Free Trade Agreement,human,0,"The North American Free Trade Agreement (NAFTA) is an agreement signed by Canada , Mexico , and the United States , creating a trilateral trade bloc in North America ."
271_ai_original,What is the purpose of North American Free Trade Agreement,ai_original,1,"The North American Free Trade Agreement (NAFTA) is a trade agreement between the United States, Canada, and Mexico that was implemented in 1994. The purpose of NAFTA is to eliminate tariffs and other trade barriers between the three countries, making it easier for them to trade goods and services with each other. This includes eliminating tariffs on most goods, as well as establishing rules for trade in areas such as intellectual property, agriculture, and investment.\n\nThe overall goal of NAFTA is to promote economic growth and development in all three countries by increasing trade and investment among them. It is also intended to improve the efficiency of production and distribution, leading to lower prices for consumers and increased competitiveness in the global economy.\n\nSince its implementation, NAFTA has had a significant impact on the economies of the United States, Canada, and Mexico. It has helped to increase trade among the three countries and has contributed to economic growth and job creation in all three countries. However, it has also been the subject of controversy and criticism, with some arguing that it has led to job losses and wage stagnation in certain sectors."
272_human,where is the chupacabra found,human,0,"The Chupacabra or Chupacabras (, from chupar ""to suck"" and cabra ""goat"", literally ""goat sucker"") is a legendary cryptid rumored to inhabit parts of the Americas ."
272_ai_original,where is the chupacabra found,ai_original,1,"The chupacabra is a legendary creature that is said to inhabit parts of the Americas and attack and drink the blood of livestock, especially goats. It is described as a heavy creature, with spines or quills running down its back, and stands approximately 3 to 4 feet (90 to 120 cm) tall.\n\nThere have been numerous reports of chupacabra sightings in various parts of the Americas, including Puerto Rico, Mexico, and the United States. However, there is no scientific evidence to support the existence of the chupacabra, and many of the reported sightings are likely hoaxes or misidentified animals. Some scientists believe that the chupacabra may be a type of wild dog or a hybrid species created through genetic experimentation.\n\nIt is important to note that the existence of the chupacabra is not supported by any scientific evidence, and it is considered a legend or myth."
273_human,who wrote stand by me,human,0,"Stand by Me is a song originally performed by Ben E. King and written by King, Jerry Leiber , and Mike Stoller , inspired by the spiritual ""Lord Stand by Me,"" plus two lines rooted in Psalms 46:2–3."
273_ai_original,who wrote stand by me,ai_original,1,"""Stand by Me"" is a song written by Ben E. King, Jerry Leiber, and Mike Stoller. It was originally recorded by Ben E. King and released as a single in 1961. The song has since been covered by numerous artists and has become a classic of popular music. The song was also the title of a 1986 coming-of-age film directed by Rob Reiner, which featured the song on its soundtrack."
274_human,what is preciosa crystal?,human,0,"Preciosa is the luxury brand name for the range of precision-cut lead crystal glass and related products produced by Preciosa a.s. of Jablonec nad Nisou , Czech Republic ."
274_ai_original,what is preciosa crystal?,ai_original,1,"Preciosa crystal is a high-quality lead crystal produced by Preciosa, a Czech glassmaking company founded in 1724. Preciosa crystals are known for their beauty, clarity, and durability, and are used in a wide range of products, including chandeliers, figurines, jewelry, and other decorative items. Preciosa crystals are made using traditional techniques and are known for their intricate and highly detailed designs. They are also highly prized for their ability to refract light and create a sparkling, luminous effect. Preciosa crystals are made from a combination of natural materials, including sand, soda ash, and lime, and are melted and shaped using a variety of methods, including pressing, cutting, and hand-blowing."
275_human,what season is  dexter on,human,0,"After months of rumors, on April 18, 2013, Showtime announced via social media that season eight would be the final season of Dexter."
275_ai_original,what season is  dexter on,ai_original,1,"I'm sorry, but I am a text-based AI and do not have access to current television schedules. I can only provide information and answer questions based on my programming and the information that I have been trained on. Is there something else I can help you with?"
276_human,What are context effects of memory?,human,0,Context-dependent memory refers to improved recall of specific episodes or information when the context present at encoding and retrieval are the same.
276_ai_original,What are context effects of memory?,ai_original,1,"Context effects in memory refer to the influence that the context in which information is encountered or encoded has on how well it is remembered. There are several different types of context effects that can occur:\n\nEncoding context: The context in which information is initially learned can affect how well it is remembered later on. For example, if you are studying for a test and you are in a quiet, distraction-free environment, you are more likely to remember the information than if you are trying to study in a loud, chaotic environment.\n\nRetrieval context: The context in which information is retrieved can also affect how well it is remembered. For example, if you are trying to recall a fact you learned in a particular class, you are more likely to remember it if you are in the same physical location or in the same mental state (e.g. relaxed or focused) as you were when you learned it.\n\nState-dependent learning: This occurs when information is more easily remembered when the person is in the same physical or emotional state as when the information was originally learned. For example, a person may have an easier time recalling information they learned while they were feeling stressed if they are feeling stressed when they try to recall it.\n\nMood-congruent memory: This occurs when information is more easily remembered if it is consistent with the person's current mood. For example, if a person is feeling happy, they are more likely to remember positive information and if they are feeling sad, they are more likely to remember negative information.\n\nOverall, context effects in memory demonstrate the importance of paying attention to the conditions in which we learn and retrieve information, as these can have a significant impact on how well we remember it."
277_human,what is an arc in a story plot,human,0,"A story arc is an extended or continuing storyline in episodic storytelling media such as television , comic books , comic strips , boardgames , video games , and in some cases, films ."
277_ai_original,what is an arc in a story plot,ai_original,1,!\nnetwork error
278_human,where do dungeness crab live,human,0,"The Dungeness crab, Metacarcinus magister (formerly Cancer magister), is a species of crab that inhabits eelgrass beds and water bottoms on the west coast of North America ."
278_ai_original,where do dungeness crab live,ai_original,1,"Dungeness crab (Metacarcinus magister) are found along the Pacific coast of North America, from the Aleutian Islands in Alaska down to central California. They are typically found in rocky or muddy bottoms, in bays, estuaries, and along the open coast. They prefer water temperatures between 10 and 15 degrees Celsius and are most commonly found in depths of 10 to 50 meters. Dungeness crab are highly migratory and will move to deeper or shallower water as the seasons change and water temperatures fluctuate. They are also found in some parts of the Pacific Northwest, including Washington, Oregon, and British Columbia."
279_human,what are circumpolar constellations,human,0,"In astronomy, the circumpolar constellations are constellations that never set from the viewer's perspective."
279_ai_original,what are circumpolar constellations,ai_original,1,"Circumpolar constellations are celestial constellations that appear to be constantly above the horizon for an observer located at a particular latitude on Earth. This means that these constellations are visible in the sky throughout the year and never set below the horizon.\n\nThe number and specific constellations that are considered circumpolar depend on the observer's latitude. For example, the Big Dipper (also known as the Ursa Major constellation) is circumpolar for observers located at latitudes above 44 degrees north. In contrast, the Southern Cross (also known as the Crux constellation) is circumpolar for observers located at latitudes below 30 degrees south.\n\nSome other examples of circumpolar constellations include the Cassiopeia constellation (visible from latitudes above 74 degrees north), the Draco constellation (visible from latitudes above 65 degrees north), and the Polaris (also known as the North Star) constellation (visible from latitudes above 89 degrees north)."
280_human,what is a wiki platform,human,0,"A wiki ( ) is a website which allows its users to add, modify, or delete its content via a web browser usually using a simplified markup language or a rich-text editor ."
280_ai_original,what is a wiki platform,ai_original,1,"A wiki platform is a website or web-based application that allows users to create, edit, and share content collaboratively. Wikis are typically organized around a specific topic or theme, and are designed to be easy to use and navigate. They are often used as a collaborative reference resource or as a platform for group communication and project management.\n\nOne of the most well-known wiki platforms is Wikipedia, a free online encyclopedia that is written and edited by volunteers around the world. Other examples of wiki platforms include MediaWiki, Confluence, and TWiki. These platforms typically provide a range of tools and features to support collaboration, including the ability to create and edit pages, add images and multimedia, track changes, and discuss content with other users."
281_human,When was Apple Computer founded,human,0,"The company was founded on April 1, 1976, and incorporated as Apple Computer, Inc. on January 3, 1977."
281_ai_original,When was Apple Computer founded,ai_original,1,"Apple Computer, now known as Apple Inc., was founded on April 1, 1976 by Steve Jobs, Steve Wozniak, and Ronald Wayne. It started as a personal computer company and has since expanded to design and develop a wide range of consumer electronics, computer software, and online services."
282_human,what year did john adams become  president?,human,0,"John Adams (October 30, 1735 ( O.S. October 19, 1735) – July 4, 1826) was the second president of the United States (1797–1801), having earlier served as the first vice president of the United States ."
282_ai_original,what year did john adams become  president?,ai_original,1,"John Adams became the second President of the United States in 1797. He served one term as President, from 1797 to 1801. Prior to his presidency, Adams had a long and distinguished career as a statesman and diplomat, serving as a member of the Continental Congress and as the first Vice President of the United States under George Washington."
283_human,who created bing,human,0,"Bing (known previously as Live Search, Windows Live Search, and MSN Search) is a web search engine (advertised as a "" decision engine "") from Microsoft ."
283_ai_original,who created bing,ai_original,1,"Bing is a search engine developed and owned by Microsoft. It was launched in 2009 as a replacement for Live Search, which was the search engine that Microsoft had been using on its sites before that time. Bing was developed by a team at Microsoft led by Dr. Qi Lu, who is currently the CEO of Baidu, one of the largest search engines in China. Bing was designed to be a more user-friendly and visually appealing search engine, with features such as image and video search, as well as integration with other Microsoft products and services."
284_human,who made hubble telescope,human,0,"The HST was built by the United States space agency NASA , with contributions from the European Space Agency , and is operated by the Space Telescope Science Institute ."
284_ai_original,who made hubble telescope,ai_original,1,"The Hubble Space Telescope was a collaboration between NASA and the European Space Agency (ESA). It was designed and built by NASA, with significant contributions from the ESA and a number of other international partners. The telescope was named after the American astronomer Edwin Hubble, who made significant contributions to our understanding of the universe and its expansion. The telescope was launched into orbit in 1990 and has since made numerous discoveries and captured stunning images of distant objects in the universe, including galaxies, stars, and planetary systems."
285_human,what are anti inflammatories,human,0,Anti-inflammatory refers to the property of a substance or treatment that reduces inflammation .
285_ai_original,what are anti inflammatories,ai_original,1,"Anti-inflammatory drugs are medications that are used to reduce inflammation, which is a process in the body that occurs in response to injury or disease. Inflammation is characterized by swelling, redness, heat, and pain, and is a normal part of the body's immune response. However, chronic inflammation can contribute to the development of various diseases and conditions, such as heart disease, cancer, and autoimmune disorders.\n\nThere are several types of anti-inflammatory drugs, including nonsteroidal anti-inflammatory drugs (NSAIDs) and corticosteroids. NSAIDs, such as ibuprofen and naproxen, work by inhibiting the production of substances called prostaglandins, which are involved in the inflammation process. Corticosteroids, such as prednisone and hydrocortisone, are potent anti-inflammatory drugs that work by suppressing the immune system. They are often used to treat severe inflammation or to suppress the immune system in people with autoimmune disorders.\n\nAnti-inflammatory drugs are commonly used to treat a wide range of conditions, including headaches, toothaches, muscle aches, arthritis, and other inflammatory conditions. They are available in various forms, including tablets, capsules, gels, creams, and injections. It is important to follow the instructions provided by your healthcare provider when taking these medications and to be aware of potential side effects, which may include stomach upset, nausea, and allergic reactions."
286_human,who sang momma told me not to come,human,0,Mama Told Me (Not to Come) is a song by Randy Newman written for Eric Burdon 's first solo album in 1966.
286_ai_original,who sang momma told me not to come,ai_original,1,"""Mama Told Me (Not to Come)"" is a song written by Randy Newman and originally recorded by Eric Burdon and the Animals in 1970. It was also covered by Three Dog Night and became a hit for them, reaching number one on the Billboard Hot 100 chart in 1971. The song is known for its catchy, upbeat melody and humorous lyrics, which tell the story of a young man who is warned by his mother not to attend a wild party."
287_human,when did andrea doria sink,human,0,"Pronounced was an ocean liner for the Italian Line (Società di navigazione Italia) home ported in Genoa , Italy, most famous for its sinking in 1956, when 52 people died (51 from immediate impact)."
287_ai_original,when did andrea doria sink,ai_original,1,"The Andrea Doria was an Italian ocean liner that sank on July 26, 1956, after colliding with the Stockholm, a Swedish vessel, in the North Atlantic Ocean. The collision occurred about 11:10 p.m. about 50 miles southeast of Nantucket, Massachusetts, United States. The Andrea Doria was on its way from Genoa, Italy, to New York City when the collision occurred. The Stockholm, which was sailing from New York to Gothenburg, Sweden, sustained only minor damage and was able to continue on its voyage, but the Andrea Doria began to sink rapidly and had to be abandoned. 46 people died in the collision and sinking of the Andrea Doria."
288_human,what are dialysis tubes,human,0,Dialysis tubing is a type of semi- or partially permeable membrane tubing made from regenerated cellulose or cellophane .
288_ai_original,what are dialysis tubes,ai_original,1,Dialysis tubes are tubes made of a special type of membrane that are used in a medical process called dialysis. Dialysis is a treatment that is used to remove excess waste and fluid from the body when the kidneys are not able to do this effectively. The dialysis tubes are filled with a special solution and placed in a machine that uses the membrane to filter out the excess waste and fluid from the patient's blood. The filtered blood is then returned to the patient's body. Dialysis is often used to treat patients with kidney failure or severe kidney damage.
289_human,who designed the statue of liberty,human,0,"The Statue of Liberty (Liberty Enlightening the World; French: La Liberté éclairant le monde) is a neoclassical sculpture on Liberty Island in New York Harbor , designed by Frédéric Bartholdi and dedicated on October 28, 1886."
289_ai_original,who designed the statue of liberty,ai_original,1,"The Statue of Liberty was designed by French sculptor Frédéric Auguste Bartholdi and was a gift from the people of France to the United States. The design of the statue was inspired by the Roman goddess Libertas and was intended to symbolize the ideals of freedom and democracy. The statue was constructed in France and shipped to the United States, where it was assembled and erected on a pedestal on Liberty Island in New York Harbor. The pedestal was designed by American architect Richard Morris Hunt. The Statue of Liberty was dedicated on October 28, 1886."
290_human,what is am 2201,human,0,AM-2201 (1-(5-fluoropentyl)-3-(1-naphthoyl)indole) is a research chemical that acts as a potent but nonselective full agonist for the cannabinoid receptor .
290_ai_original,what is am 2201,ai_original,1,"AM-2201 is a synthetic cannabinoid, a type of psychoactive drug that is similar in structure and effects to THC, the active ingredient in marijuana. AM-2201 is classified as a Schedule I controlled substance in the United States, which means it is illegal to manufacture, distribute, or possess. The use of AM-2201 and other synthetic cannabinoids can be dangerous and can cause a range of adverse effects, including hallucinations, paranoia, anxiety, and psychosis. There have also been reports of serious health problems, including kidney failure, associated with the use of AM-2201. It is important to be aware of the potential dangers of using AM-2201 or any other synthetic cannabinoid."
291_human,who wrote second corinthians,human,0,"Paul the Apostle and ""Timothy our brother"" wrote this epistle to ""the church of God which is at Corinth , with all the saints which are in all Achaia ""."
291_ai_original,who wrote second corinthians,ai_original,1,"Second Corinthians is a letter in the New Testament of the Christian Bible. It is traditionally attributed to the apostle Paul, who is believed to have written it to the Christian community in Corinth, a city in ancient Greece. The letter is one of the four letters in the New Testament that are commonly referred to as the ""Captivity Epistles,"" as it is believed that Paul wrote them while he was imprisoned in Rome. Second Corinthians is the second letter that Paul wrote to the Corinthian community, and it addresses a variety of issues, including the role of suffering in the Christian life, the importance of Christian unity, and the nature of the ministry."
292_human,who first synthesized heroin,human,0,"Heroin (diacetylmorphine or morphine diacetate ( INN )), also known as diamorphine ( BAN ), and colloquially as H, smack, horse, brown, black, tar, and other names, is an opioid analgesic synthesized by C.R. Alder Wright in 1874 by adding two acetyl groups to the molecule morphine , found in the opium poppy ."
292_ai_original,who first synthesized heroin,ai_original,1,"Heroin was first synthesized in 1874 by a team of chemists working at the pharmaceutical company Bayer. The team was led by Heinrich Dreser, who was the head of research at Bayer at the time. Heroin was initially marketed as a painkiller and a treatment for various respiratory ailments, including asthma and bronchitis. It was later discovered to be highly addictive and was eventually banned in many countries."
293_human,what is the average american income,human,0,"U.S. median household income fell from $51,144 in 2010 to $50,502 in 2011."
293_ai_original,what is the average american income,ai_original,1,"It is difficult to provide an accurate answer to this question because the average income in the United States varies widely depending on a number of factors, such as a person's age, education, occupation, location, and household size. However, according to data from the U.S. Census Bureau, the median household income in the United States in 2021 was $68,703. This means that half of households in the United States earned more than this amount, and half earned less.\n\nIt is important to note that this figure represents the median income, which means that it is the point at which half of households have a higher income and half have a lower income. The average (mean) income may be higher or lower than the median, depending on the distribution of income within a particular population.\n\nIncome can also vary significantly by state, with some states having higher average incomes than others. For example, in 2021, the states with the highest median household incomes were Maryland, New Jersey, and Hawaii, while the states with the lowest median household incomes were Mississippi, Arkansas, and West Virginia.\n\nOverall, income in the United States is influenced by a number of factors, including education, occupation, and location. Factors such as race and gender can also have an impact on income."
294_human,what are four thirds cameras,human,0,The Four Thirds system is a standard created by Olympus and Kodak for digital single-lens reflex camera (DSLR) design and development.<ref name='DPReview.com 2001-02-13'>
294_ai_original,what are four thirds cameras,ai_original,1,"Four Thirds cameras are digital cameras that use a specific type of lens mount and image sensor format. The Four Thirds system was developed as a standard for digital interchangeable lens cameras, and it was created by Olympus and Kodak in 2002.\n\nThe Four Thirds system uses a smaller image sensor than full-frame cameras, which are traditionally used in DSLR (digital single-lens reflex) cameras. As a result, Four Thirds cameras tend to be smaller and more lightweight than full-frame cameras, making them a popular choice for photographers who prioritize portability.\n\nFour Thirds cameras also use a specific type of lens mount, called the Four Thirds mount, which is designed to work with lenses that have been specifically designed for the Four Thirds system. These lenses are typically smaller and lighter than full-frame lenses, which can make them a good choice for photographers who are looking for compact and lightweight lens options.\n\nOverall, Four Thirds cameras offer a good balance of image quality and portability, making them a popular choice for photographers who are looking for a compact, lightweight camera that is capable of producing high-quality images."
295_human,what is a mule in coins,human,0,"In numismatics , a mule is a coin or medal minted with obverse and reverse designs not normally seen on the same piece."
295_ai_original,what is a mule in coins,ai_original,1,"In the context of cryptocurrency, a ""mule"" typically refers to a third party that is used to facilitate the transfer of funds between two parties. This can be done for a variety of reasons, such as to protect the anonymity of one or both parties, to bypass exchange restrictions or fees, or to facilitate the exchange of cryptocurrencies that are not directly traded on any exchanges.\n\nMules are often used in scams or fraudulent schemes, in which the mule may be unknowingly or willingly involved in transferring stolen or illegally obtained funds. It is important to be cautious when dealing with mules and to thoroughly research and verify the credibility of any third party involved in a financial transaction."
296_human,who plays dumbledore in harry potter 6,human,0,"After Harris' death, Michael Gambon portrayed Dumbledore for all of the remaining films."
296_ai_original,who plays dumbledore in harry potter 6,ai_original,1,"In the Harry Potter film series, the character of Albus Dumbledore is played by actor Michael Gambon. Gambon took over the role after the death of actor Richard Harris, who played Dumbledore in the first two Harry Potter films. Gambon appeared as Dumbledore in the remaining six Harry Potter films, beginning with ""Harry Potter and the Prisoner of Azkaban"" and continuing through the final film, ""Harry Potter and the Deathly Hallows: Part 2."""
297_human,what type of land is savannah,human,0,"A savanna, or savannah, is a grassland ecosystem characterized by the trees being sufficiently widely spaced so that the canopy does not close."
297_ai_original,what type of land is savannah,ai_original,1,"A savannah is a type of grassland ecosystem characterized by the presence of scattered trees and a grassy ground cover. Savannas are found in tropical and subtropical regions, typically in areas with a dry season and high annual temperatures. They are home to a diverse array of plant and animal life, including grasses, herbs, shrubs, and trees. Savannas can be found on every continent except Antarctica. Some well-known savannas include the Serengeti in Africa and the Pantanal in South America."
298_human,who wrote  nature boy,human,0,"Nature Boy is a song by Eden Ahbez , published in 1947."
298_ai_original,who wrote  nature boy,ai_original,1,"""Nature Boy"" is a song written by eden ahbez and first recorded by Nat King Cole in 1948. The song became a hit, reaching the top of the Billboard charts, and has been covered by many artists since."
299_human,who set the world record for women for high jump,human,0,"Stefka Kostadinova ( Bulgaria ) has held the women's world record at since 1987, also the longest-held record in the event."
299_ai_original,who set the world record for women for high jump,ai_original,1,"The current world record for women's high jump is 2.09 meters (6 feet 10.25 inches), set by Croatian athlete Blanka Vlašić on August 30, 2009 in Zagreb, Croatia. Vlašić is a former Olympic medalist and multiple-time world champion in the high jump."
300_human,what is melissa and joey about,human,0,"The series follows local politician Mel Burke (Melissa Joan Hart) and Joe Longo (Joey Lawrence), whom Mel hires to look after her niece and nephew after a Ponzi scheme leaves him broke."
300_ai_original,what is melissa and joey about,ai_original,1,"""Melissa & Joey"" is a television show that aired on ABC Family (now known as Freeform) from 2010 to 2015. It follows the story of Melissa, a local politician, and Joey, a former bachelor and entertainment personality, who become unlikely roommates and caregivers to Melissa's teenage niece and nephew after a family crisis leaves them in need of support.\n\nAs Melissa and Joey navigate the challenges of raising young children and running a household together, they also deal with their own personal and professional issues. The show combines elements of comedy and drama, and explores themes of family, friendship, and romance. It stars Melissa Joan Hart and Joey Lawrence as the titular characters."
301_human,when did playstation 3 first launch,human,0,The launch of the PlayStation 3 into the Japanese market on 10 November 2006 marked the second major seventh generation entertainment system to be released.
301_ai_original,when did playstation 3 first launch,ai_original,1,"The PlayStation 3 (PS3) was first released in Japan on November 11, 2006, and later released in North America, Europe, Australia, and other regions. It was the third home video game console developed and produced by Sony Interactive Entertainment, and the successor to the PlayStation 2. The PS3 was available in various models, including a basic model with a 20 GB hard drive, a model with a 60 GB hard drive, and a model with a 60 GB hard drive and additional features such as the ability to play games in high definition (HD). The PS3 was succeeded by the PlayStation 4 in 2013."
302_human,what is surname and given name,human,0,"A given name, in Western contexts often referred to as a first name, is a personal name that specifies and differentiates between members of a group of individuals, especially in a family, all of whose members usually share the same family name (surname)."
302_ai_original,what is surname and given name,ai_original,1,"A surname is a family name passed down from one generation to another. It is also sometimes referred to as a last name.\n\nA given name, also known as a first name, is a personal name given to an individual at birth or at a young age. It is often given by the parents of the individual and is used to distinguish one person from another, especially within the same family.\n\nIn many cultures, people have both a surname and a given name. The surname is usually inherited from the father and is used to identify the family, while the given name is chosen by the parents and is used to distinguish the individual within the family.\n\nFor example, in the name ""John Smith,"" ""John"" is the given name and ""Smith"" is the surname."
303_human,what type of ecosystem does stingrays live in,human,0,"Stingrays are common in coastal tropical and subtropical marine waters throughout the world, and also includes species found in warmer temperate oceans, such as Dasyatis thetidis , and those found in the deep ocean , such as Plesiobatis daviesi ."
303_ai_original,what type of ecosystem does stingrays live in,ai_original,1,"Stingrays are found in a variety of marine ecosystems, including shallow coral reefs, estuaries, mangroves, and sandy or muddy bottoms in the open ocean. They are typically found in warm, tropical and subtropical waters, although some species are found in temperate and cold water environments as well. Stingrays are bottom-dwelling animals, and they are often found buried in the sand or mud, with only their eyes and spiracles (breathing holes) exposed. They are generally found in shallow water, but some species can be found at depths of up to 1,000 meters (3,280 feet). Stingrays are found in both freshwater and saltwater environments, and they are adapted to a wide range of salinity levels."
304_human,who wrote the song cocaine,human,0,"Cocaine is a song written and recorded by JJ Cale in 1976, but also known as a cover version recorded by Eric Clapton ."
304_ai_original,who wrote the song cocaine,ai_original,1,"""Cocaine"" is a song written and performed by J. J. Cale. The song was first recorded and released by Cale in 1976, and it has since been covered by many other artists, including Eric Clapton, who had a hit with his version of the song in 1977. Cale's original version of ""Cocaine"" features a bluesy, laid-back sound, and the lyrics tell the story of a person who is addicted to cocaine. The song has become one of Cale's most popular and enduring works, and it has been included on several of his greatest hits albums."
305_human,when did pearl harbor get bombed,human,0,"The attack on Pearl Harbor (called Hawaii Operation or Operation AI by the Japanese Imperial General Headquarters (Operation Z in planning) and the Battle of Pearl Harbor) was a surprise military strike conducted by the Imperial Japanese Navy against the United States naval base at Pearl Harbor , Hawaii, on the morning of December 7, 1941 (December 8 in Japan)."
305_ai_original,when did pearl harbor get bombed,ai_original,1,"Pearl Harbor was bombed on December 7, 1941. On that day, Japanese military planes launched a surprise attack on the US naval base at Pearl Harbor, located on the island of Oahu in the Territory of Hawaii. The attack resulted in the deaths of more than 2,300 Americans and the sinking or damaging of eight US battleships, three cruisers, and four destroyers. The attack on Pearl Harbor was a key factor in the United States' decision to enter World War II."
306_human,what religion is primary in africa?,human,0,The continent's various populations and individuals are mostly adherents of Christianity or Islam .
306_ai_original,what religion is primary in africa?,ai_original,1,"Africa is a vast and diverse continent with a wide range of religious practices and beliefs. There is no single religion that is predominant throughout the continent. However, some of the major religions practiced in Africa include Islam, Christianity, traditional African religions, and Hinduism.\n\nIslam is the largest religion in Africa, with approximately one-third of the continent's population identifying as Muslim. The majority of Muslims in Africa are Sunni, but there are also significant numbers of Shia and Sufi Muslims. Islam is particularly prevalent in North Africa, the Horn of Africa, and West Africa.\n\nChristianity is also a major religion in Africa, with approximately one-quarter of the continent's population identifying as Christian. Christianity is prevalent in many parts of Africa, including the East, West, and South. There are many different Christian denominations present in Africa, including Roman Catholicism, Protestantism, and Orthodoxy.\n\nTraditional African religions, which are practiced by indigenous people across the continent, are also an important part of Africa's religious landscape. These religions often involve a belief in a supreme being or deities, as well as the worship of ancestors and the use of traditional rituals and practices.\n\nHinduism is a minority religion in Africa, with significant communities in countries such as South Africa, Kenya, and Mauritius. There are also smaller communities of Buddhists, Jains, and other religions in various parts of the continent."
307_human,who won season 2 of project runway,human,0,"The winning designer, Chloe Dao , received $100,000 in seed money to help launch her own line, a 2007 Saturn Sky roadster, a spread in ELLE magazine, and a mentorship with the Banana Republic Design Team."
307_ai_original,who won season 2 of project runway,ai_original,1,"Chloe Dao won season 2 of Project Runway. She was a fashion designer from Houston, Texas, and was the first Asian-American to win the competition. She received a prize package that included $100,000 to start her own fashion line, a spread in Elle magazine, and the opportunity to sell her line on bluefly.com."
308_human,when did marlins start,human,0,The Miami Marlins began play in the 1993 season as the Florida Marlins.
308_ai_original,when did marlins start,ai_original,1,"The Miami Marlins are a professional baseball team based in Miami, Florida. They were founded in 1993 as the Florida Marlins and began playing in the Major League Baseball (MLB) in the National League (NL) in the 1993 season. The team changed its name to the Miami Marlins in 2012. The Marlins have won two World Series championships, in 1997 and 2003. They play their home games at Marlins Park."
309_human,what are the names of the ll divos,human,0,"Il Divo is a group of four male singers: French pop singer Sébastien Izambard , Spanish baritone Carlos Marín , American tenor David Miller , and Swiss tenor Urs Bühler ."
309_ai_original,what are the names of the ll divos,ai_original,1,"Il Divo is a multinational operatic pop vocal group formed in the United Kingdom in 2003. The members of Il Divo are:\n\nDavid Miller (American tenor)\nSébastien Izambard (French pop singer)\nCarlos Marín (Spanish baritone)\nUrs Bühler (Swiss tenor)\nIl Divo has released several successful albums and has toured internationally, performing at venues such as the Colosseum at Caesars Palace in Las Vegas and the O2 Arena in London. The group's music combines elements of classical, pop, and opera, and their repertoire includes covers of pop and rock songs, as well as operatic arias and original compositions."
310_human,who won the 1998 world cup,human,0,"The tournament was won by France , who beat Brazil 3–0 in the final."
310_ai_original,who won the 1998 world cup,ai_original,1,"The 1998 FIFA World Cup was held in France and was won by the national team of France. They defeated Brazil 3-0 in the final on July 12, 1998, to win the tournament for the first time. The 1998 World Cup was the first time that France had hosted the tournament, and the team was led by stars such as Zinedine Zidane, Marcel Desailly, and Thierry Henry. The tournament featured 32 teams from around the world, and was held from June 10 to July 12, 1998."
311_human,what is the name of chris cornell's band?,human,0,"Chris Cornell (born Christopher John Boyle; July 20, 1964) is an American rock musician best known as the lead vocalist and rhythm guitarist for Soundgarden and as the former lead vocalist for Audioslave ."
311_ai_original,what is the name of chris cornell's band?,ai_original,1,Chris Cornell was the lead vocalist for the band Soundgarden. He was also a member of the bands Audioslave and Temple of the Dog.
312_human,when did daylight savings time start,human,0,The modern idea of daylight saving was first proposed in 1895 by George Vernon Hudson and it was first implemented during the First World War .
312_ai_original,when did daylight savings time start,ai_original,1,"Daylight Saving Time (DST) is a practice that involves setting the clocks ahead by one hour during the summer months in order to extend the amount of daylight in the evenings. The origins of DST can be traced back to ancient civilizations, but it was first widely implemented in the 20th century as a way to conserve energy.\n\nIn the United States, DST was first widely adopted during World War I as a way to conserve fuel. It was later repealed, but it was re-adopted during World War II and has been observed by most states in the U.S. since then. DST typically begins on the second Sunday in March and ends on the first Sunday in November.\n\nIn other parts of the world, DST is observed at different times of the year and is not always observed by all countries. Some countries, such as Australia and parts of South America, do not observe DST at all."
313_human,when did lucy stone died,human,0,"Lucy Stone (August 13, 1818 – October 19, 1893) was a prominent American abolitionist and suffragist , and a vocal advocate and organizer promoting rights for women ."
313_ai_original,when did lucy stone died,ai_original,1,"Lucy Stone (August 13, 1818 – October 18, 1893) was an American abolitionist, suffragist, and orator. She was a key figure in the women's rights movement in the United States and was the first woman from Massachusetts to earn a college degree. Stone was a strong advocate for women's rights and equality, and she worked tirelessly to promote the right of women to vote. She died on October 18, 1893, at the age of 75."
314_human,what is the kanji for language,human,0,"Kanji (; ) are the adopted logographic Chinese characters ( hanzi ) that are used in the modern Japanese writing system along with hiragana (ひらがな, ), katakana (カタカナ, ), Hindu-Arabic numerals , and the occasional use of the Latin alphabet ."
314_ai_original,what is the kanji for language,ai_original,1,"The kanji for language is 言語 (げんご). It is composed of two characters: 言, which means ""to speak,"" and 語, which means ""word"" or ""language."" Together, these characters form the word 言語, which means ""language"" in Japanese."
315_human,what are the boundaries of the pelvic outlet,human,0,The lower circumference of the lesser pelvis is very irregular; the space enclosed by it is named the inferior aperture or pelvic outlet.
315_ai_original,what are the boundaries of the pelvic outlet,ai_original,1,"The pelvic outlet is the lower opening of the pelvis. It is bounded by the bones of the pelvis, specifically the pubic bones, ischial tuberosities, and coccyx. The pelvic outlet is also known as the inferior pelvic aperture.\n\nThe pelvic outlet is the point of exit for the fetal head during childbirth and the point through which urine and feces are eliminated in both men and women. In women, the pelvic outlet is also the point through which the menstrual blood is expelled. The shape and size of the pelvic outlet can vary among individuals and can be affected by factors such as pregnancy and childbirth."
316_human,what states has the electric chair,human,0,"As of 2010, electrocution is an optional form of execution in Alabama , Florida , South Carolina and Virginia ."
316_ai_original,what states has the electric chair,ai_original,1,"The electric chair was once used as a method of execution in several states in the United States, but it is no longer in widespread use. As of 2021, only a few states still have the electric chair as a legally authorized method of execution: Alabama, Florida, South Carolina, and Virginia. In these states, the electric chair may be used as an alternative method of execution if lethal injection is not available or if the condemned prisoner chooses it. However, the use of the electric chair has declined significantly in recent years, and it is no longer a commonly used method of execution in the United States."
317_human,what are private labels,human,0,Private label products or services are typically those manufactured or provided by one company for offer under another company's brand .
317_ai_original,what are private labels,ai_original,1,"Private labels are products that are produced by one company and sold under another company's brand name. Private labeling is a common practice in the retail industry, where a retailer will work with a manufacturer to produce a product that is exclusive to the retailer and carries the retailer's brand. Private labels are often created to offer customers a lower-priced alternative to national brands, or to offer a unique product that is not available from other retailers. Private labeling can also help retailers differentiate themselves from their competitors by offering a unique product selection. Private labels are often referred to as ""store brands"" or ""generic brands."""
318_human,when did germans enter paris in ww2,human,0,The Liberation of Paris (also known as the Battle for Paris) took place during World War II from 19 August 1944 until the surrender of the occupying German garrison on 25 August.
318_ai_original,when did germans enter paris in ww2,ai_original,1,"German forces entered Paris on June 14, 1940, during World War II. The fall of Paris was a crucial moment in the early stages of the war, as it marked the end of the Battle of France and the successful invasion of France by the German military. The city was occupied by German forces for four years, until it was liberated by Allied forces in August 1944."
319_human,who wrote the song feelin alright,human,0,"Feelin' Alright? also known as ""Feeling Alright"" is a song written by Dave Mason of the English rock band Traffic from their eponymous 1968 album, Traffic ."
319_ai_original,who wrote the song feelin alright,ai_original,1,"The song ""Feelin' Alright"" was written by Dave Mason of the band Traffic. It was first recorded by Traffic and released on their 1968 album ""Traffic."" The song has since become a classic rock standard and has been covered by numerous artists, including Joe Cocker, who had a hit with his version in 1969."
320_human,what is a neuro tract,human,0,"A neural pathway, neural tract, or neural face, connects one part of the nervous system with another and usually consists of bundles of elongated, myelin -insulated neurons , known collectively as white matter ."
320_ai_original,what is a neuro tract,ai_original,1,"A neuro tract, also known as a nerve tract or white matter tract, is a group of nerve fibers (axons) that are bundled together in the central nervous system (CNS). These tracts are responsible for transmitting information between different areas of the brain and spinal cord. They are composed of myelinated axons, which are coated with a protective sheath called myelin. Myelin helps to insulate the axons and improve the speed at which electrical signals travel along them. Neuro tracts are important for communication within the CNS and for coordinating the activities of different parts of the body."
321_human,when did dr.carter g woodson die,human,0,"Carter Godwin Woodson (December 19, 1875April 3, 1950) was an African-American historian , author , journalist and the founder of the Association for the Study of African American Life and History ."
321_ai_original,when did dr.carter g woodson die,ai_original,1,"Dr. Carter G. Woodson died on April 3, 1950. He was an African American historian, author, and journalist who is known as the ""Father of Black History."" He was born in 1875 and dedicated his life to researching, writing, and promoting the study of African American history and culture. He founded the Association for the Study of Negro Life and History, which is now known as the Association for the Study of African American Life and History (ASALH), and he created Negro History Week, which later became Black History Month."
322_human,what is disney's magic kingdom,human,0,"Magic Kingdom Park, also known as Magic Kingdom, is the first of four theme parks built at the Walt Disney World Resort in Bay Lake , Florida ."
322_ai_original,what is disney's magic kingdom,ai_original,1,"Disney's Magic Kingdom is a theme park at the Walt Disney World Resort in Bay Lake, Florida, near Orlando. It is owned and operated by The Walt Disney Company through its Parks, Experiences and Products division. Magic Kingdom is one of four theme parks at the resort, along with Epcot, Disney's Hollywood Studios, and Disney's Animal Kingdom.\n\nMagic Kingdom is inspired by the fairy tale and fantasy stories of the Walt Disney Company. It features numerous attractions, shows, and parades based on popular Disney films and characters. Some of the most well-known attractions at Magic Kingdom include the Cinderella Castle, Space Mountain, Pirates of the Caribbean, and the Haunted Mansion. The park also has a number of live entertainment performances and parades, including the iconic ""Happily Ever After"" fireworks show.\n\nMagic Kingdom is a popular vacation destination for families and is known for its immersive and interactive experiences, as well as its attention to detail and commitment to providing a magical experience for all visitors."
323_human,what was the date of pearl harbor,human,0,"The attack on Pearl Harbor (called Hawaii Operation or Operation AI by the Japanese Imperial General Headquarters (Operation Z in planning) and the Battle of Pearl Harbor) was a surprise military strike conducted by the Imperial Japanese Navy against the United States naval base at Pearl Harbor , Hawaii, on the morning of December 7, 1941 (December 8 in Japan)."
323_ai_original,what was the date of pearl harbor,ai_original,1,"The attack on Pearl Harbor occurred on December 7, 1941. It was a surprise military strike by the Imperial Japanese Navy against the United States naval base at Pearl Harbor, Hawaii. The attack led to the United States entering World War II."
324_human,When did the New Deal start,human,0,The New Deal was a series of economic programs enacted in the United States between 1933 and 1936.
324_ai_original,When did the New Deal start,ai_original,1,"The New Deal was a series of programs, public work projects, financial reforms, and regulations enacted by President Franklin D. Roosevelt in the United States between 1933 and 1936 in response to the Great Depression. It aimed to provide relief, recovery, and reform to the American people and economy. The New Deal started in 1933, when Roosevelt took office as President of the United States."
325_human,what year did aerosmith i dont want to miss a thing,human,0,I Don't Want to Miss a Thing is a song performed by American rock band Aerosmith for the 1998 film Armageddon .
325_ai_original,what year did aerosmith i dont want to miss a thing,ai_original,1,"""I Don't Want to Miss a Thing"" is a song by American rock band Aerosmith. It was released in 1998 as the lead single from the soundtrack to the film ""Armageddon"". The song was written by Diane Warren and performed by Aerosmith. It reached the top of the charts in several countries and became one of Aerosmith's biggest hits."
326_human,What region of France is Montargis in?,human,0,The town is located about south of Paris and east of Orléans in the Gâtinais .
326_ai_original,What region of France is Montargis in?,ai_original,1,"Montargis is a town located in the Loiret department, in the Centre-Val de Loire region of France. The Centre-Val de Loire region is located in central France and is known for its beautiful countryside, castles, and historical landmarks. It is bordered by the regions of Pays de la Loire to the west, Brittany to the northwest, Normandy to the north, Île-de-France to the east, and Bourgogne-Franche-Comté to the south. Montargis is situated about 100 kilometers south of Paris and is easily accessible by train or car."
327_human,where did the vietnamese settle in america,human,0,"More than sixty percent of Vietnamese Americans reside in the states of California , Texas , Washington , Florida , and Virginia ."
327_ai_original,where did the vietnamese settle in america,ai_original,1,"Vietnamese immigrants have settled in many parts of the United States, with significant populations in California, Texas, and Virginia. Other states with large Vietnamese communities include Florida, Illinois, Maryland, and Washington.\n\nMany Vietnamese immigrants arrived in the United States as refugees following the end of the Vietnam War in 1975. Initially, many settled in California, particularly in the San Francisco Bay Area and in Orange County. In the 1980s and 1990s, the Vietnamese community in the United States began to diversify and spread to other parts of the country. Today, there are significant Vietnamese communities in many major cities across the United States, including Houston, New York, and Washington, D.C."
328_human,what year lord of rings made?,human,0,"It was written in stages between 1937 and 1949, much of it during World War II ."
328_ai_original,what year lord of rings made?,ai_original,1,"The Lord of the Rings is a fantasy novel written by J.R.R. Tolkien. It was first published in three volumes in 1954 and 1955. The three volumes are titled ""The Fellowship of the Ring,"" ""The Two Towers,"" and ""The Return of the King."" The story takes place in a fictional world called Middle-earth, and it follows the journey of a hobbit named Frodo Baggins as he tries to destroy a powerful artifact known as the One Ring. The Lord of the Rings has been widely recognized as one of the greatest works of fantasy fiction ever written and has inspired numerous adaptations, including films, video games, and stage productions."
329_human,what time will the world end on may 21,human,0,"Camping suggested that it would occur at 6 pm local time, with the rapture sweeping the globe time zone by time zone, while some of his supporters claimed that around 200 million people (approximately 3% of the world's population) would be 'raptured'."
329_ai_original,what time will the world end on may 21,ai_original,1,"It is not possible for me to accurately predict when the world will end. Some people have made predictions about the end of the world, but there is no scientific or credible evidence to support these claims. Many of the predictions that have been made about the end of the world have not come true, and it is not likely that the world will end on May 21 or any other specific date. It is important to remember that the world has been around for billions of years, and there is no reason to believe that it will end anytime soon."
330_human,what is  file based system,human,0,"In computing , a file system (or filesystem) is a type of data store which can be used to store, retrieve and update a set of files ."
330_ai_original,what is  file based system,ai_original,1,"A file-based system is a method of organizing and storing data on a computer by dividing the information into individual files and storing those files in a hierarchical directory structure. Each file is given a unique name and stored in a specific location on the computer's hard drive or other storage device. The operating system of the computer is responsible for managing the files and providing access to them.\n\nIn a file-based system, each file contains a specific piece of information, such as a document, image, or video. The file is stored in a specific location on the computer's storage device and is given a unique name that allows it to be easily identified and accessed. The file can be opened, edited, and saved using a specific application or program that is designed to work with that type of file.\n\nFile-based systems are widely used in computing because they offer a convenient and flexible way to store, organize, and access data. They are also relatively simple to use, as they allow users to create, edit, and delete files using familiar tools such as a mouse and keyboard."
331_human,what is direct marketing channel,human,0,"Direct marketing is a channel-agnostic form of advertising that allows businesses and nonprofits organizations to communicate straight to the customer, with advertising techniques that can include Cell Phone Text messaging , email, interactive consumer websites, online display ads, fliers, catalog distribution, promotional letters, and outdoor advertising."
331_ai_original,what is direct marketing channel,ai_original,1,"Direct marketing is a type of advertising that involves directly communicating with potential customers through various channels, such as mail, email, telemarketing, or text messaging. The goal of direct marketing is to persuade the customer to take a specific action, such as making a purchase or signing up for a trial offer.\n\nDirect marketing channels are the methods or channels used to deliver the marketing message to the target audience. Some common direct marketing channels include:\n\nDirect mail: This involves sending promotional materials, such as catalogs or flyers, through the mail to potential customers.\n\nEmail marketing: This involves sending promotional emails to a list of email addresses.\n\nTelemarketing: This involves calling potential customers on the phone and promoting a product or service.\n\nText messaging: This involves sending promotional text messages to a list of phone numbers.\n\nDirect marketing can be an effective way to reach specific target audiences and track the results of the marketing campaign. However, it's important to follow best practices and laws related to direct marketing, such as the CAN-SPAM Act in the United States, which sets rules for commercial email messages."
332_human,What political conflicts marked the presidency of William Howard Taft?,human,0,"Abroad, Taft sought to further the economic development of nations in Latin America and Asia through "" Dollar Diplomacy "", and showed decisiveness and restraint in response to revolution in Mexico ."
332_ai_original,What political conflicts marked the presidency of William Howard Taft?,ai_original,1,"During his presidency, William Howard Taft faced several political conflicts. One major issue was the tension between Taft and former President Theodore Roosevelt, who had supported Taft's campaign for the presidency but later became critical of his administration. Roosevelt believed that Taft was not sufficiently progressive and did not do enough to regulate big business and promote social justice. This led to a split in the Republican Party and contributed to the formation of the Bull Moose Party, which Roosevelt led in the 1912 presidential election.\n\nTaft also faced criticism from some quarters for his approach to foreign policy. He was perceived as being too conciliatory towards foreign powers, particularly in his handling of disputes with Japan and Canada. Some critics also accused him of being too interventionist, as he sent troops to Nicaragua and Honduras to protect American interests in those countries.\n\nIn addition to these conflicts, Taft faced challenges in his efforts to pass legislation and implement his policy agenda. He struggled to get his initiatives through a Congress that was controlled by members of his own party, and he was unable to build the same level of support and political capital that Roosevelt had enjoyed. This contributed to the perception that Taft was an ineffective president and contributed to his defeat in the 1912 election."
333_human,what temperature is a salt ice bath,human,0,"A cooling bath, in laboratory chemistry (often but not always organic chemistry ) practice, is a liquid mixture which is used to maintain low temperatures, typically between 13 °C and −196 °C."
333_ai_original,what temperature is a salt ice bath,ai_original,1,"A salt ice bath is a mixture of ice and salt that is used to lower the temperature of a solution or a substance. The temperature of a salt ice bath depends on the proportion of ice and salt and the initial temperature of the solution or substance being cooled.\n\nIn general, a salt ice bath can lower the temperature of a substance to below the freezing point of water. For example, if you mix equal parts ice and salt in a container and add water to the mixture, the temperature of the water will drop to below 0°C (32°F). This is because the salt lowers the freezing point of water, so the mixture can reach a lower temperature before the water starts to freeze.\n\nThe temperature of a salt ice bath can be further reduced by adding more ice or salt, or by using a more concentrated salt solution. However, it is important to note that the temperature of a salt ice bath may not be consistent throughout the mixture, and it may vary depending on the specific properties of the salt and ice being used."
334_human,where is the great basin located on a us map,human,0,"It is noted for both its arid conditions and its Basin and range topography that varies from the North American low point at Badwater Basin to the highest point of the contiguous United States , less than away at the summit of Mount Whitney ."
334_ai_original,where is the great basin located on a us map,ai_original,1,"The Great Basin is a large area of the western United States that stretches from Oregon and Idaho in the north, down through Nevada and Utah, and into California and Arizona in the south. It is located between the Sierra Nevada mountain range to the west and the Cascade Range to the north and east. The Great Basin is known for its arid climate, with sparse vegetation and few permanent bodies of water. Some of the major cities and landmarks located within the Great Basin include Reno and Lake Tahoe in Nevada, Salt Lake City in Utah, and the Great Salt Lake."
335_human,Who is the highest scoring NBA player,human,0,"Wilt Chamberlain holds the all-time records for total points scored (4,029) and points per game (50.4) in a season; both records were achieved in the 1961–62 season ."
335_ai_original,Who is the highest scoring NBA player,ai_original,1,"The highest scoring NBA player of all time is Kareem Abdul-Jabbar, who scored a total of 38,387 points during his career. He played for the Milwaukee Bucks and the Los Angeles Lakers, and was a six-time NBA champion and a 19-time NBA All-Star. Abdul-Jabbar was known for his signature skyhook shot, which he used to great effect throughout his career. He was also a dominant force on the defensive end, leading the league in blocks four times and earning five NBA Defensive Player of the Year awards. In addition to his scoring and defensive accomplishments, Abdul-Jabbar was also a talented passer and rebounder, making him one of the most well-rounded and dominant players in NBA history."
336_human,what produces primary xylem?,human,0,"The word xylem is derived from the Greek word ξύλον (xylon), meaning ""wood""; the best-known xylem tissue is wood , though it is found throughout the plant."
336_ai_original,what produces primary xylem?,ai_original,1,"Primary xylem is a type of tissue found in the vascular system of plants. It is produced by cells in the vascular cambium, a type of lateral meristem located in the stem and roots of plants. The vascular cambium is a layer of actively dividing cells that produce secondary xylem (wood) and secondary phloem (bark) as the plant grows.\n\nPrimary xylem is produced by the cells of the vascular cambium as they differentiate into xylem cells and move towards the center of the stem or root. These cells then undergo further differentiation, forming the various types of xylem cells found in plants, including tracheids, vessels, and parenchyma cells. The cells of the primary xylem are responsible for conducting water and dissolved minerals from the roots to the rest of the plant, and for providing structural support to the plant."
337_human,what is three phase electrical,human,0,"Three-phase electric power is a common method of alternating-current electric power generation , transmission , and distribution ."
337_ai_original,what is three phase electrical,ai_original,1,"Three-phase electrical power is a type of alternating current (AC) electrical power generation, transmission, and distribution system commonly used in the world today. It is a type of polyphase system, which means it uses three alternating current voltage waves of different phases to generate power.\n\nIn a three-phase system, three electrical conductors, or phases, are used to transmit electrical power. These three phases are typically labeled A, B, and C, and they are offset from each other by 120 degrees in time. This allows for the efficient transmission of power over long distances by reducing the amount of conductor material required, as well as reducing the losses due to resistance.\n\nThree-phase systems are used in a variety of applications, including industrial, commercial, and residential settings. They are typically used to power motors, as well as for lighting and other electrical loads. Three-phase systems are also used in electric power grids to transmit electrical power from power plants to consumers.\n\nOverall, three-phase electrical power is a reliable and efficient way to generate, transmit, and distribute electrical power."
338_human,what is korean money called,human,0,The won () ( sign : ₩; code : KRW) is the currency of South Korea .
338_ai_original,what is korean money called,ai_original,1,"In South Korea, the official currency is the Korean won (KRW). The won is the primary unit of currency in South Korea and is abbreviated as KRW. It is divided into 100 smaller units called jeon, which are no longer in circulation.\n\nThe Korean won is issued by the Bank of Korea, which is the central bank of South Korea. The Bank of Korea is responsible for the issuance, circulation, and management of the Korean won, as well as for setting monetary policy in South Korea. The Korean won is used for all transactions within South Korea, including the purchase of goods and services, as well as for international trade and financial transactions."
339_human,what is social security card used for,human,0,Its primary purpose is to track individuals for Social Security purposes.
339_ai_original,what is social security card used for,ai_original,1,"A Social Security card is a document that you can use to verify your identity and eligibility for certain government benefits. It is issued by the Social Security Administration (SSA), a federal agency of the United States government.\n\nThe primary use of a Social Security card is to track an individual's earnings and determine eligibility for Social Security benefits. When you work, your employer reports your earnings to the SSA, and this information is used to calculate your Social Security benefits when you become eligible to receive them.\n\nIn addition to tracking earnings and determining eligibility for benefits, a Social Security card may also be used as a form of identification. It can be used to prove your identity when applying for a job, opening a bank account, or obtaining a driver's license or passport.\n\nIt's important to keep your Social Security card in a safe place and not share your Social Security number with anyone you don't trust. It's also important to protect your personal information to avoid identity theft."
340_human,what is santa's wife's name,human,0,"Her first name is a mystery, though she has been referred to as Mary, Jessica, Layla, Annette, Heidi, or Martha."
340_ai_original,what is santa's wife's name,ai_original,1,"Santa's wife is traditionally known as Mrs. Claus. In many stories and legends about Santa Claus, Mrs. Claus is depicted as a kind and caring woman who helps Santa prepare for Christmas by making toys and cookies and tending to the reindeer. She is often depicted as being a supportive and loving partner to Santa, and is an important figure in the Christmas tradition. There is no specific information available about Mrs. Claus's background or history, as the character of Santa Claus and his family is a beloved cultural myth rather than a historical figure."
341_human,what is in fruitcake,human,0,"Fruit cake (or fruitcake) is a cake made with chopped candied fruit and/or dried fruit , nuts , and spices , and (optionally) soaked in spirits ."
341_ai_original,what is in fruitcake,ai_original,1,"Fruitcake is a type of cake that is made with a mixture of dried or candied fruit, nuts, and spices, and is often soaked in a liquid such as brandy or rum. The ingredients are mixed together and baked to form a dense, moist cake that is typically served during the holiday season. Some common fruits that may be used in fruitcake include raisins, currants, candied citrus peel, and dried cranberries. Nuts such as almonds, pecans, and pistachios are also often included. The spices used in fruitcake can vary, but may include cinnamon, nutmeg, and allspice. The cake is often decorated with additional candied fruit and may be coated in a layer of marzipan or icing. Fruitcake is a traditional holiday treat in many countries, and variations of the recipe can be found around the world."
342_human,when did classification of races begin,human,0,"First used to denote national affiliations, the term began to be used to relate to physical traits in the 17th century."
342_ai_original,when did classification of races begin,ai_original,1,"Classification of races, or the categorization of human populations into distinct groups based on physical or biological traits, has a long history that dates back to ancient civilizations. The ancient Egyptians, for example, divided people into categories based on their skin color, while the ancient Greeks classified people based on their physical characteristics and cultural practices.\n\nThe concept of race as we understand it today, however, has its roots in the European exploration and colonization of the Americas, Africa, and Asia. During this period, European scientists and philosophers sought to understand and classify the diversity of human populations they encountered, and they used various physical and cultural characteristics to create categories or ""races."" This process was often motivated by a desire to justify European colonialism and the exploitation of non-European peoples.\n\nIn the 19th and early 20th centuries, the concept of race was further developed and codified by scientists and scholars who sought to use biological and genetic characteristics to define racial categories. These efforts were often driven by a belief in the superiority of certain racial groups and the use of scientific terminology and methods to support these beliefs.\n\nToday, the concept of race is still used in various contexts, but it is widely recognized that it is a social construct rather than a scientifically valid way of categorizing human populations. Many scientists and scholars argue that race has no biological basis and that it is a product of social, cultural, and political factors."
343_human,when will ie9 be released,human,0,"It was released to the public on March 14, 2011."
343_ai_original,when will ie9 be released,ai_original,1,"Internet Explorer 9 (IE9) was released on March 14, 2011. It is no longer supported or available for download from Microsoft. If you are using an older version of Internet Explorer and are having difficulty accessing modern websites or features, it is recommended to upgrade to a more recent version of Internet Explorer or to a different web browser, such as Microsoft Edge, Google Chrome, Mozilla Firefox, or Apple Safari. These browsers are regularly updated with the latest security and feature enhancements to provide a better browsing experience."
344_human,what is the name of the family who own the biltmore estates in nc,human,0,"Still owned by one of Vanderbilt's descendants, it stands today as one of the most prominent remaining examples of the Gilded Age , and of significant gardens in the jardin à la française and English Landscape garden styles in the United States."
344_ai_original,what is the name of the family who own the biltmore estates in nc,ai_original,1,"The Biltmore Estate in North Carolina is owned by the Vanderbilt family. The estate was built by George Washington Vanderbilt II, a member of the Vanderbilt family, who commissioned the construction of the estate in the late 19th century. The Biltmore Estate is now a popular tourist attraction, featuring a large mansion, gardens, and winery. The estate is currently managed by the Biltmore Company, a privately held company owned by the Vanderbilt family."
345_human,What is a 28 day cycle?,human,0,"This article focuses on the human menstrual cycle, a ""monthly"" cycle that can vary around an average of ~28 days per cycle."
345_ai_original,What is a 28 day cycle?,ai_original,1,"A 28 day cycle refers to a menstrual cycle that occurs approximately every 28 days. This is the average length of a menstrual cycle, although it can vary slightly from person to person. During a menstrual cycle, the body prepares for the possibility of pregnancy. If pregnancy does not occur, the uterus sheds its lining, and this is known as menstruation or having a period. The menstrual cycle is regulated by hormones produced by the hypothalamus, pituitary gland, and ovaries. The length of the cycle can be affected by various factors such as age, stress, and certain medications."
346_human,when did hitler kill himself,human,0,Adolf Hitler committed suicide by gunshot on 30 April 1945 in his Führerbunker in Berlin.
346_ai_original,when did hitler kill himself,ai_original,1,"Adolf Hitler, the leader of Nazi Germany, killed himself on April 30, 1945. As Allied forces closed in on Berlin, Hitler retreated to his bunker, where he remained for several weeks before taking his own life. His suicide marked the end of Nazi rule in Germany and brought an end to World War II in Europe."
347_human,when did world war 2 end,human,0,"World War II (WWII or WW2), also known as the Second World War, was a global war that lasted from 1939 to 1945."
347_ai_original,when did world war 2 end,ai_original,1,"World War II ended on September 2, 1945, when Japan signed the Instrument of Surrender, formally ending the war. The surrender ceremony took place on the deck of the USS Missouri in Tokyo Bay, with General Douglas MacArthur accepting the surrender on behalf of the Allied powers. World War II was a global war that lasted from 1939 to 1945 and involved many of the world's nations, including the United States, the United Kingdom, the Soviet Union, and Germany. It was the most widespread war in history, and it is estimated that more than 60 million people died during the conflict."
348_human,what is the main component of vaccines,human,0,"The agent stimulates the body's immune system to recognize the agent as foreign, destroy it, and ""remember"" it, so that the immune system can more easily recognize and destroy any of these microorganisms that it later encounters."
348_ai_original,what is the main component of vaccines,ai_original,1,"Vaccines typically contain a small amount of a weakened or inactivated form of the virus or bacteria that causes a particular disease. When a person is vaccinated, their immune system is exposed to this modified form of the pathogen and mounts a response to it, producing antibodies to fight the infection. The goal of vaccination is to stimulate the immune system to produce immunity to a particular disease, so that if the person is subsequently exposed to the disease, their immune system will recognize it and be able to fight it off before it causes illness.\n\nThere are several types of components that may be included in a vaccine, including:\n\nAntigens: These are the components of the virus or bacteria that stimulate the immune system to produce antibodies. Antigens are typically proteins or polysaccharides (sugar molecules).\n\nAdjuvants: These are substances that are added to some vaccines to enhance the immune response to the vaccine. Adjuvants may include aluminum salts, oil emulsions, or other substances that help to stimulate the immune system.\n\nPreservatives: These are added to some vaccines to help prevent contamination by other microorganisms. Preservatives may include substances like thimerosal (ethylmercury) or phenol.\n\nStabilizers: These are added to some vaccines to help prevent the breakdown of the vaccine over time. Stabilizers may include sugars, amino acids, or other substances.\n\nInactivating agents: These are added to some vaccines to inactivate the virus or bacteria, making it less harmful or unable to cause disease. Inactivating agents may include chemicals like formaldehyde or alcohol.\n\nOverall, the specific components of a vaccine will depend on the specific vaccine and the disease it is intended to prevent."
349_human,what are k cups,human,0,"K-Cup portion packs are used with Keurig or other single cup brewing systems to brew a cup of coffee , tea , or hot chocolate ."
349_ai_original,what are k cups,ai_original,1,"K-Cups are single-serve coffee pods that are used in coffee makers, specifically those that are compatible with the Keurig brewing system. Each K-Cup contains a predetermined amount of ground coffee, tea, hot cocoa, or other drink mix. To use a K-Cup, you place it in the coffee maker and press a button to start the brewing process. The coffee maker punctures the K-Cup and extracts the contents, resulting in a freshly brewed cup of coffee, tea, or other drink. K-Cups are convenient because they allow you to quickly and easily brew a single serving of your favorite beverage without the need for measuring and grinding beans or loose leaf tea. However, some people criticize K-Cups for their environmental impact, as the pods are not easily recyclable and can contribute to waste."
350_human,what is a chronograph watch,human,0,A chronograph is a specific type of watch that is used as a stopwatch combined with a display watch.
350_ai_original,what is a chronograph watch,ai_original,1,"A chronograph watch is a type of watch that has a stopwatch function in addition to its regular timekeeping functions. Chronograph watches typically have a start/stop button and a reset button, and often have a dial or subdial that displays elapsed time. Some chronograph watches also have a tachymeter scale, which is a device that allows the wearer to measure speed or distance based on time. Chronograph watches are popular with athletes, car enthusiasts, and others who need to keep track of elapsed time. They are also popular among watch collectors because of their added complexity and functionalities."
351_human,what is a PCI port used for,human,0,"Conventional PCI (PCI is an initialism formed from Peripheral Component Interconnect, part of the PCI Local Bus standard and often shortened to just PCI) is a local computer bus for attaching hardware devices in a computer ."
351_ai_original,what is a PCI port used for,ai_original,1,"PCI stands for Peripheral Component Interconnect. It is a type of port that is commonly used in computers to connect various peripheral devices, such as sound cards, network cards, and graphics cards, to the motherboard. The PCI port is a standard interface that allows these devices to communicate with the rest of the computer. It is typically used to expand the capabilities of a computer by adding additional hardware, such as a faster graphics card or a better sound card. PCI ports are found on the motherboard of a computer and are typically marked with the letters ""PCI."""
352_human,who won the 1967 nba championship,human,0,"The 76ers won the series over the Warriors, 4-2."
352_ai_original,who won the 1967 nba championship,ai_original,1,"The 1967 NBA Championship was won by the Philadelphia 76ers. The 76ers defeated the San Francisco Warriors in the Finals, with a series score of 4-2. The 76ers were led by a talented roster that included players such as Wilt Chamberlain, Hal Greer, and Billy Cunningham. The team had a regular season record of 62-20, and went on to win the Eastern Division title before advancing to the Finals. This was the 76ers' second NBA championship, with their first coming in 1955."
353_human,who make airbus,human,0,"Airbus SAS (, , , ) is an aircraft manufacturing subsidiary of EADS , a European aerospace company."
353_ai_original,who make airbus,ai_original,1,"Airbus is a multinational corporation that designs, manufactures, and sells civil and military aerospace products. It was founded in 1970 by a consortium of European aerospace companies, and is headquartered in Toulouse, France. Airbus has a number of major manufacturing and assembly facilities around the world, including in France, Germany, Spain, the United Kingdom, and the United States. The company employs more than 100,000 people and has a global presence, with customers and suppliers in over 150 countries."
354_human,who invented the television,human,0,"The earliest proposal was in 1908, in a paper by A. A. Campbell-Swinton and postulated the use of cathode rays."
354_ai_original,who invented the television,ai_original,1,"The television was not invented by a single person, but rather was developed over a period of time by many individuals. The concept of television dates back to the late 1800s, and a number of inventors contributed to its development.\n\nOne of the key figures in the development of television was a scientist named Paul Nipkow, who is credited with creating the first ""scanning disk"" that could transmit an image. This disk, called the Nipkow disk, was the basis for many early television systems.\n\nAnother important figure in the development of television was John Logie Baird, a Scottish inventor who is credited with creating the first successful television system that could transmit a moving image. Baird's system used mechanical scanning, which involved the use of a spinning disk to scan an image and transmit it over the airwaves.\n\nOther important figures in the development of television include Philo T. Farnsworth, who developed the first electronic television system, and Vladimir Zworykin, who developed the cathode ray tube, a key component of modern television sets.\n\nIn the 1920s and 1930s, several competing television systems were developed, including those by Marconi, RCA, and others. These systems were eventually standardized, and television as we know it today began to emerge in the post-World War II period."
355_human,what is the latest season of psych,human,0,"Psych began its seventh season on February 27, 2013."
355_ai_original,what is the latest season of psych,ai_original,1,"Psych is a television show that aired on the USA Network from 2006 to 2014. It consisted of eight seasons and a total of 120 episodes. The latest season of Psych was the eighth season, which aired from January 8, 2014 to March 26, 2014. It consisted of 10 episodes.\n\nIf you are looking for information about more recent TV shows or seasons, I would recommend using a search engine or consulting other sources of information. Is there anything else I can help with?"
356_human,what is white chocolate made of,human,0,"It commonly consists of cocoa butter , sugar , milk solids and salt , and is characterized by a pale yellow or ivory appearance."
356_ai_original,what is white chocolate made of,ai_original,1,"White chocolate is made from cocoa butter, milk solids, and sugar. It does not contain cocoa solids, which gives it a distinctive flavor and appearance compared to other types of chocolate. To make white chocolate, cocoa butter is melted and mixed with milk solids and sugar to form a smooth, creamy mixture. The mixture is then cooled and molded into the desired shape. Some white chocolate may also contain flavorings such as vanilla or other natural or artificial flavorings."
357_human,who wrote the song for star wars,human,0,"The music of Star Wars consists of the scores written for all six Star Wars films by composer John Williams from 1977 to 1983 for the Original Trilogy , and 1999 to 2005 for the Prequel Trilogy ."
357_ai_original,who wrote the song for star wars,ai_original,1,"The music for the Star Wars films was composed by John Williams. He has written the scores for all nine main Star Wars films, as well as various other Star Wars media. Williams' music has become an iconic part of the Star Wars franchise and has been highly acclaimed by critics and audiences alike. Some of the most famous and memorable pieces of music from the Star Wars films include ""The Main Title,"" ""The Imperial March,"" and ""Duel of the Fates."""
358_human,what are a and r reps,human,0,Artists and repertoire (A&R) is the division of a record label or music publishing company that is responsible for talent scouting and overseeing the artistic development of recording artists and/or songwriters.
358_ai_original,what are a and r reps,ai_original,1,"It is not clear what you are asking about ""a and r reps."" Could you provide more context or clarify your question?"
359_human,what measurement is a furlong,human,0,"A furlong is a measure of distance in imperial units and U.S. customary units equal to one-eighth of a mile , equivalent to 220 yards , 660 feet , 40 rods , or 10 chains ."
359_ai_original,what measurement is a furlong,ai_original,1,"A furlong is a unit of distance equal to 220 yards, or approximately 201 meters. It is often used in agriculture, horse racing, and other contexts where a long distance is needed. The term ""furlong"" comes from the Old English word ""furlang,"" which means ""the length of an ox-goad,"" a long stick used to prod oxen. In the United States, the furlong is not commonly used as a unit of measurement, but it is still used in some parts of the world, particularly in the United Kingdom and other countries that were once part of the British Empire."
360_human,where are the kidneys in your body,human,0,"Located at the rear of the abdominal cavity in the retroperitoneum , the kidneys receive blood from the paired renal arteries , and drain into the paired renal veins ."
360_ai_original,where are the kidneys in your body,ai_original,1,"The kidneys are located in the abdominal cavity, just below the rib cage on either side of the spine. They are bean-shaped organs that play an important role in filtering waste products from the blood and regulating electrolyte balance in the body. They are about the size of a fist and are located behind the abdominal organs, such as the stomach, small intestine, and colon. Each kidney is connected to the urinary tract, which carries urine produced by the kidneys out of the body."
361_human,where does ray lamontagne live,human,0,He lives in Massachusetts with his wife and two children.
361_ai_original,where does ray lamontagne live,ai_original,1,"Ray LaMontagne is an American singer-songwriter who was born in Nashua, New Hampshire and raised in New Hampshire and Maine. He currently lives in Maine."
362_human,when the wind blows james patterson,human,0,When the Wind Blows is a novel by James Patterson .
362_ai_original,when the wind blows james patterson,ai_original,1,"""When the Wind Blows"" is a novel by James Patterson, published in 1996. The book is a suspense thriller that follows a couple, Frannie and Kit, as they try to uncover the truth behind a series of strange and terrifying events that occur in their small town. The novel explores themes of government conspiracy, environmentalism, and the dangers of technology. It is the first book in the ""Maximum Ride"" series, which follows the adventures of a group of genetically enhanced young people known as the ""Flock,"" who have the ability to fly."
363_human,who made facebook,human,0,"It was founded in February 2004 by Mark Zuckerberg with his college roommates and fellow Harvard University students Eduardo Saverin , Andrew McCollum , Dustin Moskovitz and Chris Hughes ."
363_ai_original,who made facebook,ai_original,1,"Facebook was founded by Mark Zuckerberg, along with fellow Harvard College students and roommates Eduardo Saverin, Andrew McCollum, Dustin Moskovitz, and Chris Hughes. The company was launched in 2004, initially as a social networking site for Harvard students, and it quickly gained popularity among other colleges in the Boston area. It has since become one of the largest and most influential social networking sites in the world, with billions of users around the globe."
364_human,where do you find iodine,human,0,"Iodine is found on Earth mainly as the highly water-soluble iodide ion, I−, which concentrates it in oceans and brine pools ."
364_ai_original,where do you find iodine,ai_original,1,"Iodine can be found in a variety of sources, including:\n\nSeaweed and other ocean plants: Many types of seaweed, such as kelp and nori, are rich in iodine.\n\nDairy products: Milk, cheese, and other dairy products can be good sources of iodine, particularly if they are produced in areas where the soil contains iodine.\n\nEggs: Some eggs, particularly those from chickens that are raised on a diet that includes iodine, can be a good source of the nutrient.\n\nSalt: Iodized salt is a common source of iodine. Most table salt is iodized, and it is added to many processed foods as a way to prevent iodine deficiency.\n\nGrains: Some grains, such as oats and corn, can be a source of iodine if they are grown in soil that is rich in the nutrient.\n\nMeat: Some meats, particularly seafood, can be a good source of iodine. Fish and shellfish, in particular, are often high in iodine.\n\nSupplements: Iodine can also be obtained through supplements, such as tablets or capsules. These are often recommended for people who are at risk of iodine deficiency, such as vegetarians or vegans, or those who live in areas where the soil is low in iodine."
365_human,what kind of people are on the show skins,human,0,"Skins is a British teen drama that follows the lives of a group of teenagers in Bristol , South West England , through the two years of sixth form ."
365_ai_original,what kind of people are on the show skins,ai_original,1,"""Skins"" is a British television drama series that aired on E4 from 2007 to 2013. It follows a group of young people in Bristol, England and their tumultuous relationships, mental health issues, and drug and alcohol use. The show features a diverse cast of characters, including Tony Stonem, a manipulative and self-absorbed teenager; Effy Stonem, Tony's younger sister and a mysterious and enigmatic character; Cassie Ainsworth, a sensitive and fragile young woman with an eating disorder; Sid Jenkins, a kind and loyal friend; and Anwar Kharral, a good-natured and religious Muslim. The show also features several other characters who are part of the group's larger social circle."
366_human,who played the drums in the band cream back in 1968,human,0,"Cream were a 1960s British rock supergroup consisting of bassist/vocalist Jack Bruce , guitarist/vocalist Eric Clapton , and drummer Ginger Baker ."
366_ai_original,who played the drums in the band cream back in 1968,ai_original,1,"The drummer in the band Cream was Ginger Baker. Baker was known for his innovative and powerful drumming style, and was an influential figure in the development of the rock drumming genre. Cream was a British rock supergroup formed in London in 1966, and consisted of Baker, bassist Jack Bruce, and guitarist Eric Clapton. The band was active for just over two years, but their short career was highly influential, and they are widely considered to be one of the greatest rock bands of all time."
367_human,what president made decision to buy louisiana,human,0,The purchase of the territory of Louisiana took place during the presidency of Thomas Jefferson .
367_ai_original,what president made decision to buy louisiana,ai_original,1,"The President of the United States who made the decision to purchase the Louisiana Territory from France was Thomas Jefferson. The purchase took place in 1803, and it doubled the size of the United States at the time. The Louisiana Purchase was considered one of the most important events in American history, as it helped to shape the country's territorial expansion and played a key role in the development of the nation."
368_human,who was the congressman who was caught with an escort in ny,human,0,"On March 10, 2008, The New York Times reported that New York Governor Eliot Spitzer had patronized an elite escort service run by Emperors Club VIP ."
368_ai_original,who was the congressman who was caught with an escort in ny,ai_original,1,"I'm sorry, but I don't have any specific information about a congressman who was caught with an escort in New York. It would not be appropriate for me to speculate or provide information about a specific individual or event without reliable sources to verify the accuracy of the information."
369_human,who sang cool jerk,human,0,Cool Jerk is a popular song written by Donald Storball and originally performed by The Capitols .
369_ai_original,who sang cool jerk,ai_original,1,"""Cool Jerk"" is a song written by Donald Storball and originally recorded by The Capitols in 1966. It became a hit and has been covered by many other artists over the years."
370_human,what is a league in the sea,human,0,"In the context of nautical distances, the 3 mile (4.8 km) distance corresponds to how far an observer of average height (5'9"" or 1.78 m) can see when standing at sea level."
370_ai_original,what is a league in the sea,ai_original,1,"A league is a unit of distance that is equal to about 3 miles or 4.8 kilometers. The term ""league"" is sometimes used to describe the distance that a person can walk in an hour, which is approximately 3 miles or 4.8 kilometers. It is also sometimes used to describe the distance that a ship can travel in an hour, which is typically much greater than 3 miles or 4.8 kilometers. In the context of the sea, a league might refer to the distance that a ship can travel in an hour, or it might refer to a unit of distance that is used for navigation or mapping purposes."
371_human,what nationality is kris jenner,human,0,"Kristen Mary ""Kris"" Jenner (née Houghton, previously Kardashian; born November 5, 1955) is an American socialite, author and television personality."
371_ai_original,what nationality is kris jenner,ai_original,1,"Kris Jenner is an American television personality, businesswoman, and media personality. She was born in San Diego, California, and is of Dutch, English, Irish, and Scottish ancestry."
372_human,where is kennywood in pittsburgh,human,0,"Kennywood is an amusement park located in West Mifflin , Pennsylvania , a suburb of Pittsburgh ."
372_ai_original,where is kennywood in pittsburgh,ai_original,1,"Kennywood is an amusement park located in West Mifflin, Pennsylvania, a suburb of Pittsburgh. It is located about 10 miles southeast of downtown Pittsburgh and can be easily accessed from several major roads, including the Pennsylvania Turnpike and Route 837. The park is a popular tourist destination and features a variety of rides, games, and other attractions for visitors of all ages."
373_human,when was How the west was won filmed?,human,0,How the West Was Won is a 1962 American epic - Western film.
373_ai_original,when was How the west was won filmed?,ai_original,1,"""How the West Was Won"" is a 1962 American epic western film that was directed by Henry Hathaway, John Ford, and George Marshall. It was released in the United States on May 26, 1962. The film was shot in Cinerama, a widescreen process that utilized three projectors to create a panoramic image on the screen. It was filmed in various locations in the western United States, including Arizona, California, Colorado, Montana, and Utah."
374_human,what is the minimalist trend,human,0,"Minimalism describes movements in various forms of art and design, especially visual art and music , where the work is set out to expose the essence or identity of a subject through eliminating all non-essential forms, features or concepts."
374_ai_original,what is the minimalist trend,ai_original,1,"Minimalism is a design trend that emphasizes simplicity and the use of minimal elements. It is characterized by clean lines, uncluttered spaces, and a focus on functionality. In minimalist design, less is often more, and the goal is to create a sense of order and clarity by stripping away unnecessary elements and focusing on the essentials.\n\nMinimalism can be applied to various fields, including art, architecture, fashion, and interior design. In each of these fields, the goal is to create a sense of simplicity and elegance by using minimal elements and emphasizing the fundamental forms and materials.\n\nThe minimalist trend has gained popularity in recent years as people seek to declutter their lives and focus on the things that are most important to them. It is often associated with a minimalist lifestyle, which involves simplifying one's possessions and priorities in order to live a more fulfilling and meaningful life."
375_human,where is al jazeera based,human,0,"Al Jazeera ( ' , literally ""The Island"", abbreviating "" The [Arabian] Peninsula ""), also known as Aljazeera and JSC (Jazeera Satellite Channel), is a broadcaster owned by the privately held Al Jazeera Media Network and headquartered in Doha , Qatar ."
375_ai_original,where is al jazeera based,ai_original,1,"Al Jazeera is a media network based in Doha, Qatar. It was founded in 1996 and has since become a major player in international news, with a presence in over 100 countries. Al Jazeera operates a number of television and online news platforms, including the Al Jazeera English and Al Jazeera Arabic television channels, as well as the Al Jazeera website and social media channels. The network is known for its in-depth and objective coverage of international news and current events, as well as its focus on providing a platform for diverse voices and perspectives."
376_human,what is tofu made of,human,0,"Tofu, also called bean curd, is a food made by coagulating soy juice and then pressing the resulting curds into soft white blocks."
376_ai_original,what is tofu made of,ai_original,1,"Tofu, also known as bean curd, is a food made from soybeans. The process of making tofu involves soaking soybeans in water, grinding them to form a slurry, and then adding a coagulant to the slurry to separate the solid curds from the liquid whey. The curds are then pressed into blocks or sheets, resulting in tofu. Tofu can be made in different textures, from soft and silken to extra firm, and it can be used in a variety of dishes as a source of protein or as a meat alternative. It is a staple food in many parts of Asia and is becoming increasingly popular in other parts of the world as well."
377_human,Where is Bubbles the Chimp now,human,0,"When the trainer shut down his operation in 2004, Bubbles was moved to the Center for Great Apes , a sanctuary in Wauchula, Florida , where he has lived since 2005."
377_ai_original,Where is Bubbles the Chimp now,ai_original,1,"Bubbles, also known as Bubbles the Chimp, was a chimpanzee who was famous for being Michael Jackson's pet and companion. He was born in 1983 and lived with Jackson at his Neverland Ranch in California.\n\nUnfortunately, I do not have any information about Bubbles' current whereabouts, as my training data only goes up until 2021 and I am not able to browse the internet or access any updated information. It is possible that Bubbles is no longer alive, as chimpanzees have a lifespan of approximately 40-50 years in the wild and up to 60 years in captivity. I would recommend doing some additional research to find out more about the current status of Bubbles."
378_human,what is muse's lead singer's name,human,0,"The band consists of school friends Matthew Bellamy (lead vocals, lead guitar, piano, keyboards, keytar ), Christopher Wolstenholme (bass, vocals, keyboards, rhythm guitar, harmonica) and Dominic Howard (drums, percussion, synthesisers, sampling)."
378_ai_original,what is muse's lead singer's name,ai_original,1,"Muse is an English rock band formed in Teignmouth, Devon in 1994. The lead singer and primary lyricist of the band is Matthew James Bellamy."
379_human,where is bloemfontein in africa,human,0,"Bloemfontein (, ; Dutch for ""fountain of flowers"") is the capital city of the Free State Province of South Africa ; and, as the judicial capital of the nation, one of South Africa's three national capitals – the other two being Cape Town , the legislative capital, and Pretoria , the administrative capital."
379_ai_original,where is bloemfontein in africa,ai_original,1,"Bloemfontein is the capital city of the Free State province of South Africa. It is located in the central part of the country, about halfway between Johannesburg and Cape Town. Bloemfontein is known for its cultural, historical, and educational institutions, and is home to the University of the Free State. It is also an important agricultural and transportation hub, serving as a gateway to the rest of South Africa and the rest of the continent."
380_human,What is the prostate for?,human,0,"The prostate (from Greek προστάτης – prostates, literally ""one who stands before"", ""protector"", ""guardian"") is a compound tubuloalveolar exocrine gland of the male reproductive system in most mammals ."
380_ai_original,What is the prostate for?,ai_original,1,"The prostate is a gland in the male reproductive system. It is located below the bladder and in front of the rectum. The prostate gland is responsible for producing a fluid that becomes part of the semen. This fluid helps to nourish and transport the sperm. The prostate also helps to control the flow of urine from the bladder. It does this by contracting and relaxing the muscles around the urethra, the tube that carries urine out of the body. In men, the prostate gland typically grows larger as they age, and this can sometimes lead to problems such as an enlarged prostate or prostate cancer."
381_human,what is in the preamble of the constitution,human,0,The Preamble to the United States Constitution is a brief introductory statement of the Constitution's fundamental purposes and guiding principles.
381_ai_original,what is in the preamble of the constitution,ai_original,1,"The Preamble to the United States Constitution is a short introduction to the Constitution that explains the purpose and principles of the document. It states:\n\n""We the People of the United States, in Order to form a more perfect Union, establish Justice, insure domestic Tranquility, provide for the common defence, promote the general Welfare, and secure the Blessings of Liberty to ourselves and our Posterity, do ordain and establish this Constitution for the United States of America.""\n\nThe Preamble sets out the goals and objectives of the Constitution, which are to create a more perfect union, establish justice, ensure domestic tranquility, provide for the common defense, promote the general welfare, and secure the blessings of liberty for the people of the United States and for future generations. It also establishes the authority of the Constitution, stating that it is ordained and established by ""We the People"" of the United States. The Preamble does not have any legal force, but it serves as an important statement of the values and principles that underlie the Constitution."
382_human,when was the internet started,human,0,The history of the Internet began with the development of electronic computers in the 1950s.
382_ai_original,when was the internet started,ai_original,1,"The internet as we know it today has a long and complex history that spans several decades. The development of the internet can be traced back to the 1960s, when the Advanced Research Projects Agency (ARPA), a research arm of the United States Department of Defense, began funding research into computer networking.\n\nOne of the key milestones in the early history of the internet was the development of the ARPANET, a network of computers that was designed to be able to function even if parts of it were destroyed or damaged. The ARPANET was the precursor to the modern internet and was the first wide-area computer network to use packet switching, which is a method of transmitting data across networks by breaking it down into smaller packets that are sent separately and reassembled at the destination.\n\nThe internet as we know it today began to take shape in the late 1980s and early 1990s, with the development of the World Wide Web and the widespread adoption of the TCP/IP protocol, which is the standard for transmitting data across the internet. Today, the internet is a global network of interconnected computers and servers that allows people all over the world to communicate and share information with one another."
383_human,where is rolling rock brewed,human,0,"The brand was sold to Anheuser-Busch of St. Louis, Missouri , in mid 2006, which transferred brewing operations to New Jersey."
383_ai_original,where is rolling rock brewed,ai_original,1,"Rolling Rock is a brand of American lager beer that was originally brewed in Latrobe, Pennsylvania. The brand is now owned by Anheuser-Busch InBev and is produced at various locations in the United States, including Newark, New Jersey, St. Louis, Missouri, and Williamsburg, Virginia. It is known for its distinctive green bottle and ""33"" on the label, which is said to represent the number of words in the original slogan, ""Rolling Rock from the glass lined tanks of Old Latrobe."""
384_human,when was Pope Benedict XVI elected?,human,0,"Benedict was elected on 19 April 2005 in a papal conclave , celebrated his Papal Inauguration Mass on 24 April 2005, and took possession of his cathedral, the Archbasilica of St. John Lateran , on 7 May 2005."
384_ai_original,when was Pope Benedict XVI elected?,ai_original,1,"Pope Benedict XVI was elected on April 19, 2005. He served as Pope until his resignation on February 28, 2013."
385_human,where was martin luther king shot?,human,0,"King was assassinated on April 4, 1968, in Memphis, Tennessee ."
385_ai_original,where was martin luther king shot?,ai_original,1,"Martin Luther King Jr. was assassinated on April 4, 1968, while he was standing on the second-floor balcony outside his room at the Lorraine Motel in Memphis, Tennessee. He was shot by James Earl Ray, a white supremacist and convicted criminal who had fled from a Tennessee prison. The assassination of Martin Luther King Jr. was a turning point in the Civil Rights Movement and had a profound impact on the United States and the world."
386_human,Who was John Adam's children,human,0,"Adams was the father of John Quincy Adams , the sixth President of the United States."
386_ai_original,Who was John Adam's children,ai_original,1,"John Adams, the second President of the United States, had five children:\n\nAbigail Amelia Adams (1765-1813) - Abigail was the eldest child of John and Abigail Adams. She was named after her mother and was known as ""Nabby"" to her family.\n\nJohn Quincy Adams (1767-1848) - John Quincy was the oldest son of John and Abigail Adams. He later became the sixth President of the United States.\n\nSusanna Adams (1768-1770) - Susanna was the second child of John and Abigail Adams, but she died at the age of two.\n\nCharles Adams (1770-1800) - Charles was the third son of John and Abigail Adams. He died at the age of 30.\n\nThomas Boylston Adams (1772-1832) - Thomas was the fourth and youngest son of John and Abigail Adams. He was a successful merchant and banker.\n\nJohn and Abigail Adams also had two daughters who died in infancy: Elizabeth Adams (1777-1778) and Mary Catherine Adams (1778-1779)."
387_human,what is the purpose of child support?,human,0,"In family law and public policy, child support (or child maintenance) is an ongoing, periodic payment made by a parent for the financial benefit of a child following the end of a marriage or other relationship."
387_ai_original,what is the purpose of child support?,ai_original,1,"Child support is a payment made by a parent to help cover the financial costs of raising a child. The purpose of child support is to ensure that children have the financial resources they need to thrive, including food, housing, clothing, medical care, and educational expenses. Child support is typically paid by the non-custodial parent, who does not live with the child full-time, to the custodial parent, who has primary physical custody of the child.\n\nChild support is typically ordered by a court or administrative agency as part of a divorce, separation, or paternity case. The amount of child support that is ordered will depend on a number of factors, including the income and resources of both parents, the needs of the child, and any special circumstances that may affect the child's financial needs.\n\nChild support is intended to help ensure that children have the financial resources they need to grow and develop, even if their parents are no longer together. It is an important way to ensure that children are able to maintain a good standard of living and have access to the resources they need to succeed."
388_human,who was on the 10 dollar bill,human,0,"The first U.S. Secretary of the Treasury (1789–95), Alexander Hamilton , is currently featured on the obverse of the bill, while the U.S. Treasury Building is featured on the reverse ."
388_ai_original,who was on the 10 dollar bill,ai_original,1,"The face on the front of the 10 dollar bill in the United States is Alexander Hamilton, one of the Founding Fathers of the United States and the first Secretary of the Treasury. He is considered to be one of the most influential figures in American history and played a key role in the development of the country's financial system. The back of the bill features the Treasury Building and a depiction of the signing of the U.S. Constitution."
389_human,what is water jet propulsion,human,0,"Unlike a powerboat or motorboat that uses a propeller in the water below or behind the boat, a jetboat draws the water from under the boat into a pump inside the boat, then expels it through a nozzle at the stern ."
389_ai_original,what is water jet propulsion,ai_original,1,"Water jet propulsion is a means of propelling a boat or ship through the water using a jet of high-pressure water ejected from the back of the vessel. The water jet system consists of a pumping unit, which generates the high-pressure water, and a nozzle, which directs the water jet.\n\nThe pumping unit is typically driven by an engine or motor and uses an impeller to pressurize the water and force it through a narrow outlet, known as a jet nozzle. The water jet nozzle is mounted at the stern of the vessel and can be adjusted to direct the jet of water at different angles.\n\nWater jet propulsion is known for its high efficiency and ability to operate in shallow waters, as it does not require a large propeller or rudder. It is also relatively quiet and generates minimal underwater noise, which makes it well-suited for use in sensitive marine environments. Water jet propulsion is often used on high-speed boats, ferries, and other vessels that require a high level of maneuverability."
390_human,what is ethernet gigabit,human,0,"In computer networking , gigabit Ethernet (GbE or 1 GigE) is a term describing various technologies for transmitting Ethernet frames at a rate of a gigabit per second (1,000,000,000 bits per second), as defined by the IEEE 802.3-2008 standard."
390_ai_original,what is ethernet gigabit,ai_original,1,"Ethernet Gigabit refers to a type of Ethernet network that operates at speeds of up to 1 Gigabit per second (Gbps). Gigabit Ethernet is a high-speed version of Ethernet, the standard protocol for connecting devices on a local area network (LAN). It is commonly used to connect devices such as computers, servers, and network storage systems to each other and to the Internet.\n\nGigabit Ethernet is typically used in enterprise networks and in situations where high-speed data transfer is required, such as in video editing or file transfers between servers. It can be implemented using a variety of technologies, including fiber optic cables, twisted pair cables, and coaxial cables.\n\nTo take advantage of Gigabit Ethernet, devices on the network must have Gigabit Ethernet ports and be connected using Gigabit Ethernet-capable cables. Gigabit Ethernet is often used in conjunction with switches, which allow multiple devices to be connected to the same network."
391_human,where is the sermon on the mount in the bible,human,0,"The Sermon on the Mount ( anglicized from the Matthean Vulgate Latin section title: Sermo in monte) is a collection of sayings and teachings of Jesus , which emphasizes his moral teaching found in the Gospel of Matthew (chapters 5 , 6 and 7 )."
391_ai_original,where is the sermon on the mount in the bible,ai_original,1,"The Sermon on the Mount is a collection of teachings of Jesus recorded in the New Testament of the Bible in the book of Matthew, chapters 5, 6, and 7. It is one of the most famous and well-known teachings of Jesus and contains many of his most famous sayings, including the Beatitudes and the Lord's Prayer. The Sermon on the Mount is a central part of the teachings of Jesus and is considered to be a summary of his ethical and moral teachings."
392_human,who is E from entourage,human,0,"Eric ""E."""
392_ai_original,who is E from entourage,ai_original,1,"E (Emanuelle Lewis) is a fictional character in the television series ""Entourage,"" which aired on HBO from 2004 to 2011. He is portrayed by actor Kevin Connolly and is one of the main characters in the show. E is the close friend and manager of the show's protagonist, Vincent Chase, who is a rising movie star. E is known for his loyalty and dedication to Vincent, as well as his ability to handle difficult situations and negotiate deals on Vincent's behalf. Despite his loyalty to Vincent, E often finds himself caught in the middle of the various conflicts and challenges that arise within Vincent's inner circle, including those involving Vincent's family, business associates, and romantic relationships."
393_human,what is article 5 about,human,0,Article Five of the United States Constitution describes the process whereby the Constitution may be altered.
393_ai_original,what is article 5 about,ai_original,1,"Article 5 of the North Atlantic Treaty, also known as the NATO Charter, is about the collective defense provision of the treaty. It states that ""an armed attack against one or more of them in Europe or North America shall be considered an attack against them all"" and that each member of NATO will take ""such action as it deems necessary, including the use of armed force, to restore and maintain the security of the North Atlantic area."" This means that if any member of NATO is attacked, all other members of NATO are obligated to come to its defense and take necessary action to protect it. Article 5 is considered the cornerstone of the alliance and has only been invoked once, following the terrorist attacks on the United States on September 11, 2001."
394_human,what is the political tea party,human,0,"The Tea Party movement is an American political movement that advocates strict adherence to the United States Constitution , reducing U.S. government spending and taxes , and reduction of the U.S. national debt and federal budget deficit ."
394_ai_original,what is the political tea party,ai_original,1,"The Tea Party is a political movement that emerged in the United States in the late 2000s. It is named after the Boston Tea Party of 1773, which was a protest against taxes on tea and other imported goods by the British government. The Tea Party is generally associated with the Republican Party and advocates for smaller government, lower taxes, and a return to what it sees as traditional values. The movement has been characterized by grassroots activism and has been influential in shaping the political landscape of the United States. It has also been controversial, with some critics arguing that it promotes divisive and extreme views."
395_human,what is puerto rico currency,human,0,"The peso and dollar have been followed by other contemporary issues, including commemorative banknotes, private currency, and a quarter coin designed with Fort San Felipe del Morro in the face."
395_ai_original,what is puerto rico currency,ai_original,1,"Puerto Rico is a territory of the United States and the official currency is the United States Dollar (USD). The USD is the most widely used currency in Puerto Rico and is accepted at most businesses and financial institutions on the island. There are also a number of local banks that offer financial services in Puerto Rico, including checking and savings accounts, loans, and credit cards."
396_human,What is the function of albumin?,human,0,"Albumin transports hormones, fatty acids, and other compounds, buffers pH, and maintains osmotic pressure , among other functions."
396_ai_original,What is the function of albumin?,ai_original,1,"Albumin is a protein that is produced by the liver and plays a number of important roles in the body. Some of the functions of albumin include:\n\nRegulating fluid balance: Albumin helps to maintain the balance of fluid in the body by attracting and holding onto water in the blood vessels, preventing excess fluid from leaking into the tissues.\n\nTransporting substances: Albumin can bind to and transport a variety of substances in the body, including hormones, fatty acids, and certain medications.\n\nMaintaining blood pressure: Albumin helps to regulate blood pressure by regulating the amount of fluid in the blood vessels.\n\nAssisting in wound healing: Albumin plays a role in the repair and healing of tissues, particularly in the case of wounds or injuries.\n\nSupporting immune function: Albumin is an important component of the immune system and helps to protect the body against infection and disease.\n\nOverall, albumin is an essential protein that plays a vital role in maintaining the health and well-being of the body."
397_human,who is ezekiel in the bible,human,0,"The Book of Ezekiel is the third of the Latter Prophets in the Hebrew Bible , following the books of Isaiah and Jeremiah and preceding the Book of the Twelve ."
397_ai_original,who is ezekiel in the bible,ai_original,1,"Ezekiel is a prophet in the Hebrew Bible, also known as the Old Testament. He is the author of the book of Ezekiel in the Bible, which contains his prophecies and messages from God.\n\nEzekiel was a contemporary of the prophet Jeremiah and lived in the 6th century BC, during the time when the Kingdom of Judah was being conquered by the Babylonians. According to the Bible, Ezekiel was a priest and was among the Jews who were exiled to Babylon after the fall of Jerusalem.\n\nIn the book of Ezekiel, the prophet delivers messages from God to the exiled Jews, warning them of the consequences of their sins and calling on them to repent. He also delivers prophecies about the future restoration of Israel and the coming of a savior.\n\nEzekiel's prophecies and messages are known for their vivid and often bizarre imagery, which has made his book a source of fascination for readers of the Bible for centuries."
398_human,where are the ten commandments in the bible,human,0,"The Ten Commandments appear twice in the Hebrew Bible , in the books of Exodus and Deuteronomy ."
398_ai_original,where are the ten commandments in the bible,ai_original,1,"The Ten Commandments are found in the Bible in two places: Exodus 20:2-17 and Deuteronomy 5:6-21.\n\nExodus 20:2-17 reads:\n\n""I am the Lord your God, who brought you out of the land of Egypt, out of the house of slavery.\n\nYou shall have no other gods before me.\n\nYou shall not make for yourself an idol, or any likeness of what is in heaven above or on the earth beneath or in the water under the earth. You shall not worship them or serve them; for I, the Lord your God, am a jealous God, visiting the iniquity of the fathers on the children, on the third and the fourth generations of those who hate me, but showing loving kindness to thousands, to those who love me and keep my commandments.\n\nYou shall not take the name of the Lord your God in vain, for the Lord will not leave him unpunished who takes His name in vain.\n\nRemember the sabbath day, to keep it holy. Six days you shall labor and do all your work, but the seventh day is a sabbath of the Lord your God; in it you shall not do any work, you or your son or your daughter, your male or your female servant or your cattle or your sojourner who stays with you. For in six days the Lord made the heavens and the earth, the sea and all that is in them, and rested on the seventh day; therefore the Lord blessed the sabbath day and made it holy.\n\nHonor your father and your mother, that your days may be prolonged in the land which the Lord your God gives you.\n\nYou shall not murder.\n\nYou shall not commit adultery.\n\nYou shall not steal.\n\nYou shall not bear false witness against your neighbor.\n\nYou shall not covet your neighbor's house; you shall not covet your neighbor's wife or his male servant or his female servant or his ox or his donkey or anything that belongs to your neighbor.""\n\nDeuteronomy 5:6-21 reads:\n\n""I am the Lord your God who brought you out of the land of Egypt, out of the house of slavery.\n\nYou shall have no other gods before me.\n\nYou shall not make for yourself an idol, or any likeness of what is in heaven above or on the earth beneath or in the water under the earth. You shall not worship them or serve them; for I, the Lord your God, am a jealous God, visiting the iniquity of the fathers on the children, on the third and the fourth generations of those who hate me, but showing loving kindness to thousands, to those who love me and keep my commandments.\n\nYou shall not take the name of the Lord your God in vain, for the Lord will not leave him unpunished who takes His name in vain.\n\nObserve the sabbath day to keep it holy, as the Lord your God commanded you. Six days you shall labor and do all your work, but the seventh day is a sabbath of the Lord your God; in it you shall not do any work, you or your son or your daughter or your male servant or your female servant or your ox or your donkey or any of your cattle or your sojourner who stays with you, so that your male servant and your female servant may rest as well as you. You shall remember that you were a slave in the land of Egypt, and the Lord your God brought you out of there by a mighty hand and by an outstretched arm; therefore the Lord your God commanded you to observe the s\n"
399_human,what is endodontic dentistry,human,0,"Endodontics (from the Greek endo ""inside""; and odons ""tooth"") is one of the dental specialties recognized by the American Dental Association , Royal College of Dentists of Canada , and Royal Australasian College of Dental Surgeons , and deals with the tooth pulp and the tissues surrounding the root of a tooth ."
399_ai_original,what is endodontic dentistry,ai_original,1,"Endodontic dentistry, also known as endodontics, is a branch of dentistry that focuses on the diagnosis and treatment of conditions of the dental pulp and the tissue surrounding the root of a tooth. The dental pulp is the soft tissue inside the tooth that contains nerves, blood vessels, and connective tissue. Endodontic treatment is often referred to as a ""root canal"" procedure.\n\nEndodontic treatment is necessary when the dental pulp becomes infected or damaged, which can be caused by tooth decay, trauma, or other factors. The infected or damaged tissue must be removed to save the tooth and prevent the spread of infection.\n\nDuring an endodontic procedure, a dentist or endodontist (a specialist in endodontic dentistry) will make an opening in the top of the tooth to access the pulp chamber and root canals. The infected or damaged tissue is then removed and the root canals are cleaned and shaped. The root canals are then filled with a special material and sealed with a filling or crown to protect the tooth.\n\nEndodontic treatment can be successful in saving a tooth that would otherwise need to be extracted. It is an important part of maintaining oral health and preventing the loss of natural teeth."
400_human,who is the junior senator of nc,human,0,"Janet Kay Ruthven Hagan (; born May 26, 1953) is the junior United States Senator from North Carolina , in office since January 2009."
400_ai_original,who is the junior senator of nc,ai_original,1,"As of 2021, the junior senator of North Carolina is Thom Tillis. He was first elected to the Senate in 2014 and is a member of the Republican Party."
401_human,who is heisman trophy named after,human,0,"It was created in 1935 as the Downtown Athletic Club trophy and renamed in 1936 following the death of the Club's athletic director, John Heisman (former Brown University and University of Pennsylvania player; head football coach at Oberlin College , Auburn University , Clemson University , Rice University , and the University of Pennsylvania; and football, basketball, and baseball head coach and athletic director at Georgia Tech )."
401_ai_original,who is heisman trophy named after,ai_original,1,"The Heisman Trophy is named after John W. Heisman, who was a prominent figure in college football as a player, coach, and official. He served as the head coach at several universities, including Oberlin College, Buchtel College (now known as the University of Akron), Auburn University, Clemson University, and Georgia Tech. He was also a co-founder and the first president of the National Collegiate Athletic Association (NCAA). In 1935, the Downtown Athletic Club in New York City created the Heisman Trophy to honor the most outstanding college football player of the year. The award has been given annually ever since and has become one of the most prestigious awards in all of college sports."
402_human,what is sado masochism,human,0,Sadomasochism is the giving and/or receiving of pleasure—often sexual—from acts involving the infliction or reception of pain or humiliation .
402_ai_original,what is sado masochism,ai_original,1,"Sado-masochism (also known as BDSM) is a term that refers to the practice of engaging in activities that involve the infliction of pain or the receiving of pleasure from pain. These activities can be physical, mental, or emotional, and they can involve role-playing, dominance and submission, or other forms of power dynamics. Sado-masochism is often misunderstood and can be controversial, but for some people, it is an important part of their identity and sexual expression. It is important to note that engaging in sado-masochism should always be consensual and respectful, and it should not involve non-consensual or abusive behavior."
403_human,where are Giant Panda Bears found?,human,0,"The giant panda lives in a few mountain ranges in central China, mainly in Sichuan province, but also in the Shaanxi and Gansu provinces."
403_ai_original,where are Giant Panda Bears found?,ai_original,1,"Giant pandas are native to central China, specifically the Sichuan, Shaanxi, and Gansu provinces. They are typically found in mountainous regions at elevations of 5,000 to 11,000 feet, where they live in bamboo forests. The population of giant pandas is relatively small, and they are considered an endangered species due to habitat loss and other human-related factors. They are found in a few protected areas in China, including the Wolong National Nature Reserve, the Sichuan Giant Panda Sanctuaries, and the Hubei Shennongjia National Nature Reserve."
404_human,where is the tibia location,human,0,"The tibia (), shinbone or shankbone, is the larger and stronger of the two bones in the leg below the knee in vertebrates (the other being the fibula ), and connects the knee with the ankle bones ."
404_ai_original,where is the tibia location,ai_original,1,"The tibia, also known as the shinbone, is a long bone located in the lower leg. It is one of two bones in the lower leg, the other being the fibula. The tibia is the larger of the two bones and is located on the medial (inner) side of the leg. It extends from the knee joint to the ankle joint and helps to bear the weight of the body. The tibia is a crucial bone in the leg and is involved in a number of movements, including walking, running, and jumping."
405_human,what is stent surgery,human,0,"In the technical vocabulary of medicine , a stent is a mesh 'tube' inserted into a natural passage/conduit in the body to prevent or counteract a disease-induced, localized flow constriction."
405_ai_original,what is stent surgery,ai_original,1,"A stent is a small metal or plastic tube that is used to treat a narrowed or blocked artery or other blood vessel. Stent surgery, also known as stenting, is a procedure in which a stent is placed inside a blood vessel to keep it open and improve blood flow. The stent is usually inserted through a small incision in the skin using a catheter, a thin tube that is inserted into the body through a blood vessel.\n\nStent surgery is often used to treat conditions such as coronary artery disease, which occurs when the arteries that supply blood to the heart become narrowed or blocked by plaque. Stenting can also be used to treat conditions that affect other blood vessels in the body, such as those in the legs or the brain.\n\nThe procedure is usually performed by an interventional cardiologist or a vascular surgeon and is usually done in a hospital setting, although some stent procedures can be performed in an outpatient setting. Stent surgery is typically a minimally invasive procedure, meaning that it is done through a small incision in the skin and does not require a large incision or open surgery.\n\nThere are several different types of stents available, and the type used will depend on the specific condition being treated and the location of the blocked or narrowed blood vessel. Stents can be made of metal or plastic, and some are coated with medications to help prevent the formation of new plaque in the blood vessel.\n\nOverall, stent surgery is a relatively safe and effective procedure that can help improve blood flow and reduce the risk of heart attack or stroke in people with narrowed or blocked blood vessels."
406_human,what is the format of the canadian citizenship test,human,0,"The test is available in both French and English , the official languages of Canada ."
406_ai_original,what is the format of the canadian citizenship test,ai_original,1,"The format of the Canadian citizenship test varies depending on the specific version of the test that is being administered. However, there are some general elements that are common to all versions of the test.\n\nThe Canadian citizenship test is typically a written multiple-choice test that assesses an applicant's knowledge of Canadian history, geography, government, and other aspects of Canadian life. The test is designed to determine whether an applicant has sufficient knowledge of Canada to become a citizen.\n\nThe test consists of 20 multiple-choice questions, and applicants must correctly answer at least 15 of the questions to pass. The test is usually administered in English or French, and applicants may choose the language in which they wish to take the test.\n\nIn addition to the written test, applicants may also be required to participate in an oral interview with a citizenship officer, during which they will be asked questions about their application and their knowledge of Canada.\n\nOverall, the Canadian citizenship test is designed to ensure that applicants have a sufficient understanding of Canada and its values, and are committed to being responsible and active citizens."
407_human,what is Polyester in packaging PET,human,0,"Polyethylene terephthalate (sometimes written poly(ethylene terephthalate)), commonly abbreviated PET, PETE, or the obsolete PETP or PET-P, is a thermoplastic polymer resin of the polyester family and is used in synthetic fibers ; beverage, food and other liquid containers ; thermoforming applications; and engineering resins often in combination with glass fiber."
407_ai_original,what is Polyester in packaging PET,ai_original,1,"Polyester, also known as PET (polyethylene terephthalate), is a type of polymer that is commonly used in the production of packaging materials, such as bottles, containers, and films. It is a strong, durable, and lightweight material that is resistant to moisture, chemicals, and UV radiation.\n\nPolyester is a synthetic material made from petroleum-based feedstocks. It is formed by the polymerization of ethylene glycol and terephthalic acid, which are combined to form the polymer called PET.\n\nPolyester packaging materials are widely used in the food and beverage industry, as they are able to maintain the quality and freshness of the contents while also providing a barrier to prevent contamination. They are also used in the pharmaceutical, cosmetics, and personal care industries, due to their ability to protect the products from exposure to light, moisture, and other environmental factors.\n\nIn addition to its practical uses, polyester is also a popular choice for packaging materials due to its environmental benefits. It is a fully recyclable material that can be reused and repurposed, which helps to reduce waste and conserve resources."
408_human,what is dave batista doing now,human,0,"He won his MMA debut on October 6, 2012, defeating Vince Lucero via TKO in the first round."
408_ai_original,what is dave batista doing now,ai_original,1,"Dave Bautista is an actor and retired professional wrestler. He is best known for his time with WWE, where he performed under the ring name Batista. He has also appeared in a number of films, including the Guardians of the Galaxy series and the James Bond film Spectre. In recent years, Bautista has continued to act in both film and television and has also made appearances on the independent wrestling circuit."
409_human,WHO IS HENRY SAMPSON JR.,human,0,"Henry T. Thomas Sampson, Jr. (born in Jackson, Mississippi in 1934) is an African-American inventor."
409_ai_original,WHO IS HENRY SAMPSON JR.,ai_original,1,"Henry Sampson Jr. is an American nuclear engineer and inventor. He is known for his work on the development of nuclear power and for his contributions to the field of electrical engineering.\n\nSampson was born in Jackson, Mississippi in 1934. He received his Bachelor's degree in Electrical Engineering from Mississippi State University in 1957, and his Master's degree in Nuclear Engineering from the Massachusetts Institute of Technology (MIT) in 1960. After completing his studies, Sampson began working at the Argonne National Laboratory in Illinois, where he worked on the design and development of nuclear reactors.\n\nIn 1971, Sampson was awarded a patent for the ""Gamma Electric Cell,"" a device that converts gamma radiation into electricity. This invention marked the first time that electricity had been generated from gamma radiation, and it opened up new possibilities for the use of nuclear energy in a variety of applications.\n\nSampson has received numerous awards and honors for his work, including the Black Engineer of the Year Award and the National Nuclear Science and Technology Award. He is a Fellow of the Institute of Electrical and Electronics Engineers (IEEE) and has been inducted into the National Academy of Engineering."
410_human,where is the arctic circle located on the earth,human,0,The Arctic Circle is the southernmost latitude in the Northern Hemisphere at which the sun can remain continuously above or below the horizon for 24 hours (at the June solstice and December solstice respectively).
410_ai_original,where is the arctic circle located on the earth,ai_original,1,"The Arctic Circle is located at approximately 66.5 degrees north latitude. It is a circle of latitude that is located around the Earth's northern polar region. It is defined as the southernmost point at which the sun is directly overhead at least once a year, which occurs around the June solstice. The Arctic Circle marks the northern boundary of the region known as the Arctic, which includes the Arctic Ocean, parts of Canada, Greenland, Russia, Finland, Sweden, Norway, and Alaska. The Arctic Circle is also the southern boundary of the region known as the ""midnight sun,"" where the sun is visible for 24 hours a day during the summer months."
411_human,what is the erb/heart,human,0,"In cardiology, Erb's point refers to the third intercostal space on the left sternal border where S2 is best auscultated ."
411_ai_original,what is the erb/heart,ai_original,1,"It is not clear what you are asking about the ""erb/heart.""\n\nERB is an abbreviation that can stand for several different things, including the Educational Records Bureau, a non-profit organization that provides standardized tests and other assessment services to schools in the United States. It could also refer to the ""extended rhyme pattern,"" a term used in poetry to describe a particular type of rhyme scheme.\n\nWithout more context or information, it is difficult to determine what you are asking. Could you please provide more information or clarify your question?"
412_human,when was pokemon first started,human,0,is a media franchise published and owned by Japanese video game company Nintendo and created by Satoshi Tajiri in 1996.
412_ai_original,when was pokemon first started,ai_original,1,"The Pokémon franchise was created by Satoshi Tajiri and Ken Sugimori in 1995. The first Pokémon video game, Pokémon Red and Pokémon Green, was released for the Game Boy in Japan in 1996. The franchise has since become a global phenomenon, with numerous games, anime series, manga, and other merchandise."
413_human,when is world war hulk movie come,human,0,"World War Hulk is a comic book crossover storyline that ran through a self titled limited series and various other titles published by Marvel Comics in 2007, featuring the Hulk ."
413_ai_original,when is world war hulk movie come,ai_original,1,"I'm sorry, but there is no World War Hulk movie currently in production or announced. World War Hulk is a comic book event published by Marvel Comics in 2007, in which the character Hulk becomes enraged and declares war on the Marvel Universe after being exiled from Earth by a group of superheroes. If you are interested in watching a movie or TV show featuring the character Hulk, you might enjoy the Marvel Cinematic Universe films and TV shows that are available to stream or rent. Some of these include ""The Avengers,"" ""Avengers: Age of Ultron,"" ""Thor: Ragnarok,"" and ""The Incredible Hulk."""
414_human,where is Chayanne from?,human,0,"Elmer Figueroa Arce (born June 28, 1968), best known under the stage name Chayanne, is a Puerto Rican Latin pop singer and actor."
414_ai_original,where is Chayanne from?,ai_original,1,"Chayanne is a Puerto Rican singer, actor, and composer. He was born on June 28, 1968 in San Juan, Puerto Rico. He is known for his energetic stage presence and his romantic ballads, and he has released numerous albums throughout his career. Chayanne has also appeared in several films and television shows, both in Puerto Rico and internationally."
415_human,what is the function of the hard palate,human,0,Also on the anterior portion of the roof of the hard palate is the Rugae which are the irregular ridges in the mucous membrane that help facilitate the movement of food backwards towards the pharynx.
415_ai_original,what is the function of the hard palate,ai_original,1,"The hard palate is a bony structure that forms the roof of the mouth and separates the oral cavity from the nasal cavity. It plays several important roles in the body, including:\n\nFacilitating speech: The hard palate helps to shape the mouth and oral cavity in a way that allows for the production of different sounds during speech.\n\nProtecting the nasal cavity: The hard palate acts as a barrier between the oral cavity and nasal cavity, helping to prevent food and liquids from entering the nasal cavity.\n\nProviding support for the teeth: The hard palate helps to support the upper teeth, allowing them to function properly for biting and chewing.\n\nFiltering and humidifying air: The hard palate has tiny hair-like structures called cilia that help to filter and humidify the air that is breathed in through the nose.\n\nOverall, the hard palate is an important structure that plays a vital role in several important functions of the body."
416_human,what is nicki minaj real name,human,0,"Onika Tanya Maraj (born December 8, 1982), known by her stage name Nicki Minaj (), is a Trinidadian-born American rapper, singer, songwriter and television personality."
416_ai_original,what is nicki minaj real name,ai_original,1,"Nicki Minaj is a rapper and singer whose real name is Onika Tanya Maraj. She was born on December 8, 1982, in Saint James, Trinidad and Tobago, and was raised in Queens, New York. Nicki Minaj is known for her distinctive voice and energetic stage presence, as well as her eclectic fashion sense and colorful wigs. She has released several successful albums, including ""Pink Friday,"" ""Pink Friday: Roman Reloaded,"" and ""Queen,"" and has collaborated with many other artists on a variety of tracks. She is also known for her work as a judge on the television show ""American Idol."""
417_human,what is mincemeat made of,human,0,"Mincemeat is a mixture of chopped dried fruit , distilled spirits and spices , and sometimes beef suet , beef , or venison ."
417_ai_original,what is mincemeat made of,ai_original,1,"Mincemeat is a mixture of dried fruit, candied citrus peel, spices, and sometimes meat that is used as a filling for pies and tarts, particularly at Christmas time. There are many variations of mincemeat, but a typical recipe includes a combination of chopped or minced dried fruit, such as raisins, currants, and prunes, candied citrus peel, such as lemon and orange peel, spices such as cinnamon, nutmeg, and cloves, and sometimes chopped suet or beef, pork, or venison. Some mincemeat recipes also include brandy or other spirits, which help to preserve the mixture and give it a distinctive flavor. Mincemeat is usually made by mixing all of the ingredients together and allowing them to sit and marinate for a period of time, which helps to develop the flavors and give the mincemeat a rich, complex taste."
418_human,who is suicide tna,human,0,Suicide is a fictional character from TNA Impact!
418_ai_original,who is suicide tna,ai_original,1,"I'm sorry, but I don't have enough information to accurately answer your question. Can you provide more context or clarify your question?"
419_human,where is hickory located nc,human,0,"Hickory is a city in Catawba County , with parts also in Burke County and Caldwell County ."
419_ai_original,where is hickory located nc,ai_original,1,"Hickory is a city located in western North Carolina, in the United States. It is situated in the foothills of the Blue Ridge Mountains and is part of the Catawba Valley region. Hickory is located about 40 miles northwest of Charlotte and is easily accessible from both I-40 and I-77. It is known for its rich history and diverse culture, as well as its many outdoor recreational opportunities and thriving arts scene."
420_human,when was the state of utah established,human,0,"It became the 45th state admitted to the Union on January 4, 1896."
420_ai_original,when was the state of utah established,ai_original,1,"The State of Utah was established on January 4, 1896. It was admitted as the 45th state to the United States of America. Utah is located in the western United States and is known for its natural beauty, including national parks such as Arches and Zion. The state's economy is diverse and includes industries such as tourism, mining, and agriculture. The state capital is Salt Lake City, and the largest city is West Valley City."
421_human,what was the GE building in rockefeller plaza called before.,human,0,"Known as the RCA Building until 1988, it is most famous for housing the headquarters of the television network NBC ."
421_ai_original,what was the GE building in rockefeller plaza called before.,ai_original,1,"The GE Building, also known as 30 Rockefeller Plaza, is a skyscraper located in Rockefeller Center in New York City. It was completed in 1933 and was originally called the RCA Building. The building was renamed the GE Building in 1988 after General Electric (GE) acquired the RCA Corporation. It is one of the most iconic and recognizable buildings in New York City, and is home to the NBC television network and various other businesses."
422_human,when was srv born,human,0,"Stephen ""Stevie"" Ray Vaughan (October 3, 1954 – August 27, 1990) was an American guitarist, singer-songwriter, and record producer."
422_ai_original,when was srv born,ai_original,1,"Stevie Ray Vaughan was born on October 3, 1954, in Dallas, Texas, United States. He was a musician and singer-songwriter known for his work as a blues guitar player and his contributions to the revival of blues music in the 1980s. He rose to prominence with his band, Double Trouble, and released several successful albums throughout his career. Vaughan was widely regarded as one of the greatest guitarists of all time, and his skill and talent earned him numerous accolades and awards. He died in a helicopter crash on August 27, 1990, at the age of 35."
423_human,who are the two senators of louisiana,human,0,Its current senators are Democrat Mary Landrieu and Republican David Vitter .
423_ai_original,who are the two senators of louisiana,ai_original,1,"As of 2022, the two senators from Louisiana are John Neely Kennedy and Bill Cassidy. Kennedy is a member of the Republican Party and Cassidy is also a Republican. Both senators were elected to their current terms in 2020."
424_human,who is director jack smight,human,0,"Jack Smight (March 9, 1925 - September 1, 2003) was an American theatre and film director ."
424_ai_original,who is director jack smight,ai_original,1,"Jack Smight was an American film director, known for directing a variety of films in different genres including drama, comedy, and action. Some of his notable films include ""The Boston Strangler"" (1968), ""Harper"" (1966), ""No Way to Treat a Lady"" (1968), and ""Damnation Alley"" (1977). Smight began his career in the entertainment industry as an actor, but eventually transitioned to directing in the 1960s. He was active in the film industry until the late 1980s, and passed away in 2003."
425_human,when is the wv state fair,human,0,"It is held annually in mid-August on the State Fairgrounds in Fairlea , near Lewisburg, West Virginia in the southeastern part of the state."
425_ai_original,when is the wv state fair,ai_original,1,"I'm sorry, but I am unable to provide information about current events or future dates because my training data only includes information up until 2021, and I am not able to browse the web or access updated information. It is also important to note that I am a language model and do not have the ability to provide information about real-world events or dates. Is there anything else I can help with?"
426_human,where is modesto california,human,0,"Modesto ( Spanish for ""modest""), officially the City of Modesto, is the county seat and largest city of Stanislaus County , California , United States ."
426_ai_original,where is modesto california,ai_original,1,"Modesto is a city located in the central valley of California, about 70 miles east of San Francisco. It is the county seat of Stanislaus County and is situated in the San Joaquin Valley, which is known for its rich agricultural land. The city is home to a number of parks, museums, and cultural attractions, including the McHenry Mansion, the McHenry Museum, and the Gallo Center for the Arts. Modesto is also a transportation hub, with a number of major highways passing through the city, making it an important gateway to the rest of California."
427_human,what is the female symbol called,human,0,"The two standard gender symbols denoting male ♂ and female ♀ are derived from astrological symbols , denoting the classical planets Mars and Venus , respectively."
427_ai_original,what is the female symbol called,ai_original,1,"The female symbol is a circle with a cross beneath it, and it is often used to represent the female gender or to indicate a female-specific event or location. It is also known as the Venus symbol, after the Roman goddess of love and beauty. The female symbol is often used in contexts where the male symbol (a circle with an arrow pointing to the right) is also used, to indicate gender or sex. For example, the symbols may be used on bathroom doors to indicate the gender of the people who are allowed to use the facilities, or they may be used on clothing or other products to indicate that they are intended for women."
428_human,who is st patty?,human,0,"It is named after Saint Patrick ( AD 385–461), the most commonly recognised of the patron saints of Ireland ."
428_ai_original,who is st patty?,ai_original,1,"St. Patrick is the patron saint of Ireland. He is known for his work as a missionary in Ireland, where he is credited with spreading Christianity and establishing schools and monasteries. He is celebrated on St. Patrick's Day, which is a public holiday in Ireland and is also celebrated by Irish communities around the world. According to legend, St. Patrick drove the snakes out of Ireland, although this is likely a metaphor for his efforts to convert the Irish people to Christianity."
429_human,what is leasehold; real estate,human,0,A leasehold estate is an ownership of a temporary right to hold land or property in which a lessee or a tenant holds rights of real property by some form of title from a lessor or landlord .
429_ai_original,what is leasehold; real estate,ai_original,1,"In real estate, a leasehold is a type of ownership in which a tenant holds the right to use and occupy a piece of property for a specific period of time, typically for a number of years. The tenant does not own the property outright, but rather holds the right to use it for the term of the lease. The owner of the property, known as the lessor or landlord, retains ownership of the property and may choose to sell or transfer the leasehold interest to another party.\n\nLeaseholds are commonly used for residential properties, such as apartments and condominiums, as well as for commercial properties, such as office buildings and retail spaces. Leaseholds can be either short-term or long-term, and the terms of the lease agreement are typically negotiable between the landlord and tenant.\n\nIn a leasehold arrangement, the tenant is responsible for paying rent to the landlord and may also be required to pay additional fees, such as property taxes, maintenance costs, and insurance premiums. The tenant also has certain rights and responsibilities as defined in the lease agreement, such as the right to quiet enjoyment of the property and the responsibility to maintain the property in good condition.\n\nIt's important to carefully review the terms of a leasehold agreement before entering into it, as it can have significant consequences for both the landlord and the tenant."
430_human,when was Mary Anderson born,human,0,"Mary Anderson (1866–1953) was a real estate developer, rancher, viticulturist and inventor of the windshield wiper blade."
430_ai_original,when was Mary Anderson born,ai_original,1,It is not clear which Mary Anderson you are referring to. Please provide more context or specific information about the person you are asking about.
431_human,WHO WAS IN THE MOVIE I CONFESS WITH MONTGOMERY CLIFT,human,0,"I Confess is a 1953 drama film directed by Alfred Hitchcock , and starring Montgomery Clift as Fr. Michael William Logan, a Catholic priest , Anne Baxter as Ruth Grandfort, and Karl Malden as Inspector Larrue."
431_ai_original,WHO WAS IN THE MOVIE I CONFESS WITH MONTGOMERY CLIFT,ai_original,1,"""I Confess"" is a 1953 film noir directed by Alfred Hitchcock, starring Montgomery Clift as Father Michael William Logan, a Catholic priest who becomes embroiled in a murder investigation after hearing the confession of a man who subsequently dies.\n\nOther notable cast members in ""I Confess"" include Anne Baxter as Ruth Grandfort, the victim's wife, and Karl Malden as Inspector Larrue, a detective who suspects Father Logan of the murder. The film also features O.E. Hasse as Otto Keller, the man who confesses to the murder, and Brian Aherne as Father Michael's lawyer, William Logan."
432_human,WHAT IS THE LENGTH OF A NAUTICAL MILE,human,0,"By international agreement it has been set at 1,852 metres exactly (about 6,076 feet)."
432_ai_original,WHAT IS THE LENGTH OF A NAUTICAL MILE,ai_original,1,"A nautical mile is a unit of distance used in navigation that is equal to approximately 1.15 statute miles or 1.85 kilometers. It is based on the circumference of the Earth and is used to measure distances at sea. One nautical mile is equal to approximately 1.15 statute miles or 1.85 kilometers. It is defined as the distance on the Earth's surface that is traveled by one minute of arc of latitude. The length of a nautical mile varies slightly depending on the location on Earth and the shape of the Earth, but it is typically defined as being exactly 1852 meters."
433_human,what is black hairy tongue disease,human,0,"Black hairy tongue (BHT, also termed lingua villosa nigra) refers to a condition of the tongue where the filiform papillae elongate with black or brown discoloration, giving a black and hairy appearance."
433_ai_original,what is black hairy tongue disease,ai_original,1,"Black hairy tongue is a harmless oral condition that can cause the tongue to appear black and furry. It is caused by an overgrowth of the papillae, the small, finger-like projections on the surface of the tongue that contain taste buds, and an accumulation of bacteria, fungi, and dead cells on the tongue. The condition is more common in people who smoke or use tobacco products, have poor oral hygiene, or take certain medications that cause dry mouth.\n\nSymptoms of black hairy tongue may include a black, hairy-looking tongue, a metallic taste in the mouth, and bad breath. The condition is usually not painful, but it can cause discomfort or embarrassment for some people.\n\nBlack hairy tongue is generally not a serious condition and can be treated by practicing good oral hygiene, such as brushing the teeth twice a day, using a tongue scraper to remove excess debris from the tongue, and drinking plenty of water to keep the mouth moist. In some cases, your doctor may recommend a mouthwash or other treatment to help control the growth of bacteria or fungi on the tongue. If you are concerned about black hairy tongue or any other oral health issue, it is important to consult with a healthcare professional for proper diagnosis and treatment.\n"
434_human,what is firewire used for,human,0,The IEEE 1394 interface is a serial bus interface standard for high-speed communications and isochronous real-time data transfer.
434_ai_original,what is firewire used for,ai_original,1,"FireWire is a type of interface that is used to connect devices such as computers, digital cameras, and audio and video equipment. It is a high-speed, bidirectional serial bus that can transfer data at speeds of up to 400 megabits per second (Mbps) or 800 Mbps. FireWire is also known as IEEE 1394, and it was developed by Apple in the mid-1990s as a faster and more flexible alternative to the Universal Serial Bus (USB) interface.\n\nFireWire is often used to connect devices that require high-speed data transfer, such as hard drives, digital video cameras, and audio interfaces. It is also commonly used for video editing, as it can transfer large amounts of data quickly and reliably.\n\nOne of the main advantages of FireWire is that it allows devices to communicate directly with each other, rather than going through a central computer. This makes it possible for devices to transfer data without being limited by the speed of the computer's CPU or other resources.\n\nFireWire is not as common as it used to be, as it has been largely replaced by newer technologies such as USB 3.0 and Thunderbolt. However, it is still supported by many devices and is a useful interface for certain applications."
435_human,who is the mayor of chicago 2011,human,0,Rahm Emanuel won the race for mayor with more than 55% of the vote.
435_ai_original,who is the mayor of chicago 2011,ai_original,1,"Rahm Emanuel was the mayor of Chicago from 2011 to 2019. He was succeeded by Lori Lightfoot, who has been the mayor of Chicago since May 2019."
436_human,who is the author of tree grows in brooklyn,human,0,A Tree Grows in Brooklyn is a 1943 novel written by Betty Smith .
436_ai_original,who is the author of tree grows in brooklyn,ai_original,1,"The novel ""A Tree Grows in Brooklyn"" was written by Betty Smith. It was first published in 1943 and has since become a classic of American literature. The novel tells the coming-of-age story of Francie Nolan, a young girl growing up in the Brooklyn neighborhood of Williamsburg during the early 20th century. The novel is known for its vivid depiction of working-class life and its portrayal of the struggles and joys of growing up in a poor but close-knit family."
437_human,what is chicken chow mein,human,0,"Chow mein (; Chinese : 炒麵, ""fried noodles"") is a Chinese term for a dish of stir-fried noodles , of which there are many varieties."
437_ai_original,what is chicken chow mein,ai_original,1,"Chicken chow mein is a popular Chinese dish made with noodles, vegetables, and chicken. It is typically made with thin, wheat-based noodles that are stir-fried with vegetables and chicken in a savory sauce. The dish is usually served hot and garnished with green onions and sometimes other ingredients such as sesame seeds or chopped peanuts. It is often served as a main course and can be found at many Chinese restaurants and in the prepared food sections of supermarkets. It can also be made at home by stir-frying the ingredients in a wok or large pan and seasoning the dish with a variety of sauces and spices."
438_human,who is carlos pena on big time rush,human,0,"Big Time Rush (BTR) is an American television series created by Scott Fellows about the Hollywood misadventures of four hockey players from Minnesota —Kendall, James, Carlos, and Logan, after they are selected to form a boy band ."
438_ai_original,who is carlos pena on big time rush,ai_original,1,"Carlos Pena Jr. is an American actor and singer. He is best known for his role as Carlos Garcia in the Nickelodeon television series ""Big Time Rush."" The show ran from 2009 to 2013 and followed the lives of a group of young friends who become a successful pop music band. Pena Jr. played the role of the band's guitar player and also contributed his vocals to the show's music. In addition to his work on ""Big Time Rush,"" Pena Jr. has also appeared in other television shows and films, including ""Love and Other Disasters"" and ""The Kenan Show."""
439_human,what was the actress who played the pink power ranger,human,0,"She was played by actress Amy Jo Johnson during the first three seasons of the show, plus on the two feature films of the franchise."
439_ai_original,what was the actress who played the pink power ranger,ai_original,1,"The Pink Ranger in the original Mighty Morphin Power Rangers television series was portrayed by actress Amy Jo Johnson. Johnson played Kimberly Hart, the Pink Ranger, from 1993 to 1995. She reprised the role in the 1995 feature film adaptation of the series and also appeared in several subsequent Power Rangers television series and films."
440_human,what is doxycycline hyclate used for,human,0,"Doxycycline is a member of the tetracycline antibiotics group, and is commonly used to treat a variety of infections ."
440_ai_original,what is doxycycline hyclate used for,ai_original,1,"Doxycycline hyclate is an antibiotic that is used to treat a wide variety of bacterial infections. It is a type of tetracycline antibiotic and is often prescribed for infections of the urinary tract, respiratory tract, and skin. It is also sometimes used to treat acne and malaria.\n\nDoxycycline works by inhibiting the growth of bacteria and disrupting their ability to produce proteins that are essential for their survival. This helps to kill the bacteria and clear the infection.\n\nIt is important to take doxycycline exactly as prescribed by your healthcare provider. It is usually taken by mouth in the form of a capsule or tablet, with or without food, once or twice a day. It is important to finish the full course of treatment to ensure that the infection is completely cleared.\n\nIt is also important to note that doxycycline can cause side effects, including nausea, diarrhea, and allergic reactions. If you experience any serious side effects while taking doxycycline, you should contact your healthcare provider immediately."
441_human,where is the world cup in 2010,human,0,It took place in South Africa from 11 June to 11 July 2010.
441_ai_original,where is the world cup in 2010,ai_original,1,"The 2010 FIFA World Cup was held in South Africa from June 11 to July 11, 2010. It was the first time that the World Cup had been held in Africa, and a total of 32 teams from around the world participated in the event. The tournament was won by Spain, who defeated the Netherlands in the final."
442_human,what is captcha code,human,0,A CAPTCHA () is a type of challenge-response test used in computing as an attempt to ensure that the response is generated by a human being .
442_ai_original,what is captcha code,ai_original,1,"CAPTCHA is an acronym for ""Completely Automated Public Turing Test to Tell Computers and Humans Apart."" It is a type of challenge-response test used in computing to determine whether or not the user is a human. CAPTCHAs are used to prevent automated programs, or ""bots,"" from accessing certain websites or online resources.\n\nA CAPTCHA typically consists of a distorted image of letters and numbers, which a human user can easily read but a computer program cannot. In order to pass the CAPTCHA test, the user must correctly enter the letters and numbers displayed in the image. This helps to prevent bots from spamming websites with automated requests or accessing sensitive information.\n\nCAPTCHAs are commonly used on websites to protect against spam and abuse, such as in the case of online voting systems, ticket purchase websites, and online surveys. They can also be used to prevent bots from scraping content from websites or accessing restricted areas."
443_human,when was jacques cousteau born,human,0,"Jacques-Yves Cousteau (; commonly known in English as Jacques Cousteau; 11 June 1910 – 25 June 1997) was a French naval officer, explorer , conservationist , filmmaker, innovator, scientist, photographer, author and researcher who studied the sea and all forms of life in water."
443_ai_original,when was jacques cousteau born,ai_original,1,"Jacques Cousteau was born on June 11, 1910, in Saint-André-de-Cubzac, Gironde, France."
444_human,where was the fugitive slave law made,human,0,"The Fugitive Slave Law or Fugitive Slave Act was passed by the United States Congress on September 18, 1850, as part of the Compromise of 1850 between Southern slave-holding interests and Northern Free-Soilers ."
444_ai_original,where was the fugitive slave law made,ai_original,1,"The Fugitive Slave Act, also known as the Fugitive Slave Law, was a federal law passed by the United States Congress in 1850 as part of the Compromise of 1850. The law required law enforcement officials in free states to assist in the capture and return of runaway slaves, and imposed heavy fines and prison sentences on those who aided or harbored runaway slaves. The law also denied accused runaway slaves the right to a trial by jury and the right to testify on their own behalf, effectively making it very difficult for them to defend themselves against the charges of being a runaway slave. The Fugitive Slave Act was controversial and deeply unpopular in the northern states, where it was seen as a violation of states' rights and an attack on the principles of liberty and freedom. The law was a key factor in the growing tensions between the North and the South that eventually led to the American Civil War."
445_human,who is in the group trinity 5 7,human,0,"Trin-i-tee 5:7 is a gospel duo from New Orleans, Louisiana in the United States ."
445_ai_original,who is in the group trinity 5 7,ai_original,1,"I'm sorry, but I do not have information about a group called ""Trinity 5 7."" Could you provide more context or clarify your question?"
446_human,what is eic earned income credit,human,0,"The United States federal earned income tax credit or earned income credit (EITC or EIC) is a refundable tax credit for low- and medium-income individuals and couples, primarily for those who have qualifying children."
446_ai_original,what is eic earned income credit,ai_original,1,"The Earned Income Credit (EIC) is a tax credit for low- and moderate-income working individuals and families. It is designed to help offset some of the financial burden of payroll taxes and to provide an incentive to work. To be eligible for the EIC, you must have earned income from employment or self-employment, and you must meet certain income and other requirements. The amount of the credit is based on your income, the number of qualifying children you have, and other factors. The EIC is generally claimed when you file your federal income tax return, and it can result in a refund even if you do not owe any taxes. It is important to note that the EIC is different from the Child Tax Credit, which is a credit for taxpayers who have dependent children."
447_human,when is international men's day,human,0,International Men's Day (IMD) is an annual international event celebrated on 19th November.
447_ai_original,when is international men's day,ai_original,1,"International Men's Day is celebrated on November 19th every year. It is a day that aims to raise awareness about men's and boys' health, promote gender equality, and celebrate the positive contributions and values of men and boys. The day was first observed in 1992 and has since been recognized in various countries around the world. International Men's Day is not a public holiday in most countries, but it is an opportunity for individuals and organizations to organize events and activities to promote and support men's and boys' well-being."
448_human,where is valley village ca,human,0,"Village is a district in the San Fernando Valley region of Los Angeles, California ."
448_ai_original,where is valley village ca,ai_original,1,"Valley Village is a neighborhood located in the San Fernando Valley region of Los Angeles, California. It is bordered by North Hollywood to the east, Studio City to the south, Sherman Oaks to the west, and Northridge to the north. It is located just northwest of the intersection of the 101 and 134 freeways, and is about a 30-minute drive from downtown Los Angeles."
449_human,What is sign of cancer,human,0,"Cancer (♋) is an astrological sign , which is associated with the constellation Cancer ."
449_ai_original,What is sign of cancer,ai_original,1,"Cancer is a disease that is characterized by the uncontrolled growth and spread of abnormal cells in the body. There are many different types of cancer, and each type can manifest differently. In general, some common signs and symptoms of cancer can include:\n\nPersistent fatigue and weakness\nUnexplained weight loss\nFever\nPersistent pain\nUnexplained swelling or lumps\nChanges in bowel or bladder habits\nSkin changes, such as unusual moles or blemishes\nDifficulty swallowing\nPersistent cough or hoarseness\nUnusual bleeding or discharge\nIt's important to note that these symptoms can be caused by other conditions besides cancer, and they may not always be present in people with cancer. If you are experiencing any of these symptoms, it is important to speak to a healthcare professional for proper evaluation and diagnosis."
450_human,what is squash the sport,human,0,"Squash is a racquet sport played by two (singles) or four players (doubles) in a four-walled court with a small, hollow rubber ball."
450_ai_original,what is squash the sport,ai_original,1,"Squash is a racquet sport played by two or four players in a four-walled court with a small, hollow rubber ball. The players use rackets to hit the ball against the walls of the court, trying to land the ball in the opponent's half of the court while also trying to prevent the opponent from doing the same. The game is fast-paced and requires quick reflexes and good hand-eye coordination. The ball can be hit off any of the walls, but it must be hit before it bounces twice on the floor. Points are scored when a player fails to return the ball to the other side of the court or hits the ball out of bounds. The game is won by the player who scores the most points. Squash is a popular sport played all around the world and is especially popular in countries such as England, Australia, and Canada."
451_human,when was the patriot act enacted,human,0,"The USA PATRIOT Act of 2001 is an Act of the U.S. Congress that was signed into law by President George W. Bush on October 26, 2001."
451_ai_original,when was the patriot act enacted,ai_original,1,"The USA PATRIOT Act (Uniting and Strengthening America by Providing Appropriate Tools Required to Intercept and Obstruct Terrorism Act) was signed into law by President George W. Bush on October 26, 2001, in response to the terrorist attacks on September 11 of that year. The Act aimed to give law enforcement agencies additional tools to prevent and combat terrorism, and it made significant changes to various federal laws, including the Foreign Intelligence Surveillance Act (FISA) and the Electronic Communications Privacy Act (ECPA). The Act has been controversial due to its potential impact on civil liberties and privacy."
452_human,when was the tacoma bridge collapse?,human,0,"The bridge became known for its pitching deck, and collapsed into Puget Sound the morning of November 7, 1940, under high wind conditions."
452_ai_original,when was the tacoma bridge collapse?,ai_original,1,"The Tacoma Narrows Bridge collapse occurred on November 7, 1940. It was a suspension bridge that spanned the Tacoma Narrows strait of Puget Sound in Washington state, connecting the city of Tacoma with the Kitsap Peninsula. The bridge collapsed due to a phenomenon known as ""galloping,"" which occurred when wind caused the roadway of the bridge to oscillate excessively. This caused the bridge to twist and break apart, and it eventually collapsed into the water below. The collapse of the Tacoma Narrows Bridge was a well-known engineering disaster, and it led to significant improvements in the design and construction of suspension bridges."
453_human,what is brown flax,human,0,It is a food and fibre crop that is grown in cooler regions of the world.
453_ai_original,what is brown flax,ai_original,1,"Brown flax is a type of flax plant that is grown for its seeds, which are used to produce oil and other products. Flax is an annual plant that is native to the region of the eastern Mediterranean and South Asia. It is known for its long, slender stems and pale blue flowers. The seeds of the flax plant are high in omega-3 fatty acids, fiber, and antioxidants, making them a popular choice for use in dietary supplements and as a food ingredient. Brown flax seeds are whole flax seeds that have not been ground or milled, and they are often used as a topping for salads, yogurt, and other dishes, or as a source of fiber in baking."
454_human,where is rashard lewis from???,human,0,"Rashard Quovon Lewis (born August 8, 1979 in Pineville, Louisiana ) is an American professional basketball player who currently plays for the Miami Heat of the NBA ."
454_ai_original,where is rashard lewis from???,ai_original,1,"Rashard Lewis is an American former professional basketball player. He was born on August 8, 1979 in Pineville, Louisiana, United States. Lewis attended Alief Elsik High School in Houston, Texas, where he played basketball for the school team. After high school, he attended Alcorn State University, where he played college basketball for the Alcorn State Braves. Lewis was then drafted by the Seattle SuperSonics in the second round of the 1998 NBA Draft. He went on to play for several teams in the NBA, including the Orlando Magic and the Washington Wizards."
455_human,what is a gsm cell phone,human,0,"GSM (Global System for Mobile Communications, originally '), is a standard set developed by the European Telecommunications Standards Institute (ETSI) to describe protocols for second generation ( 2G ) digital cellular networks used by mobile phones ."
455_ai_original,what is a gsm cell phone,ai_original,1,"A GSM (Global System for Mobile Communications) cell phone is a type of mobile device that uses the GSM network to transmit and receive data and voice calls. GSM is a digital cellular network that was first developed in Europe in the 1980s and has since become the most widely used type of mobile network in the world. GSM phones use SIM (Subscriber Identity Module) cards to identify and authenticate users, which allows users to switch their phone service between different carriers by simply swapping out the SIM card. GSM phones are also equipped with a variety of features, such as the ability to send and receive text messages, make and receive phone calls, access the internet, and more."
456_human,what is the use of a sales invoice?,human,0,"An invoice or bill is a commercial document issued by a seller to a buyer , indicating the products , quantities, and agreed prices for products or services the seller has provided the buyer."
456_ai_original,what is the use of a sales invoice?,ai_original,1,"A sales invoice is a document that a seller issues to a buyer to request payment for goods or services that have been sold. It typically includes the following information:\n\nDate of the invoice\nInvoice number\nContact information for the seller and buyer\nDescription of the goods or services sold, including quantities and prices\nTotal amount due\nPayment terms, such as the due date for payment and the accepted methods of payment\nAny applicable taxes or discounts\nA sales invoice serves as a record of the sale for both the buyer and the seller. It can be used by the buyer to track their purchases and by the seller to track their sales and ensure that they are paid for the goods or services they have provided. It may also be used as supporting documentation for tax purposes."
457_human,what is el morro in puerto rico,human,0,"Castillo San Felipe del Morro also known as Fort San Felipe del Morro or Morro Castle, is a 16th-century citadel located in San Juan, Puerto Rico ."
457_ai_original,what is el morro in puerto rico,ai_original,1,"El Morro, also known as Castillo San Felipe del Morro, is a 16th-century citadel located in Old San Juan, Puerto Rico. It is a UNESCO World Heritage site and a popular tourist attraction in Puerto Rico. The fort, which was built to protect the city of San Juan from attacks by sea, sits on a rocky promontory at the entrance to the harbor. It is a massive structure, with six levels, including a moat and multiple artillery batteries, which were used to defend the city against invading ships. The fort is open to the public and offers tours, which provide an opportunity to learn about the history of the fort and the city of San Juan."
458_human,where are poison dart frog seen,human,0,"Poison dart frog (also dart-poison frog, poison frog or formerly poison arrow frog) is the common name of a group of frogs in the family Dendrobatidae which are native to Central and South America ."
458_ai_original,where are poison dart frog seen,ai_original,1,"Poison dart frogs are small, brightly colored frogs found in the tropical rainforests of Central and South America. They are native to countries such as Costa Rica, Panama, Colombia, Brazil, and Suriname. They can be found in a variety of habitats including lowland rainforests, cloud forests, and premontane forests. They are often seen near water sources such as streams, rivers, and ponds. Poison dart frogs are diurnal, which means they are active during the day and rest at night. They are known for their brightly colored skin, which is believed to help them blend in with their surroundings and deter predators. The toxins produced by poison dart frogs are secreted through their skin, making them unpalatable to potential predators."
459_human,where were the Winter Olympics in 2006,human,0,"The 2006 Winter Olympics, officially known as the XX Olympic Winter Games, was a winter multi-sport event which was celebrated in Turin , Italy from February 10, 2006, through February 26, 2006."
459_ai_original,where were the Winter Olympics in 2006,ai_original,1,"The Winter Olympics in 2006 were held in Turin, Italy. The games took place from February 10 to February 26, 2006."
460_human,when was the constitution written,human,0,"George Washington at Constitutional Convention of 1787, signing of U.S. Constitution."
460_ai_original,when was the constitution written,ai_original,1,"The Constitution of the United States was written in 1787. It was signed on September 17, 1787, by the Constitutional Convention in Philadelphia, Pennsylvania, and took effect on March 4, 1789. The Constitution is the supreme law of the United States and is the oldest written constitution of any sovereign state in the world. It established the framework for the government of the United States and has been amended 27 times since it was first adopted. The Constitution outlines the powers and duties of the three branches of the federal government (the legislative, executive, and judicial branches) and sets forth the fundamental rights of American citizens."
461_human,what is mpeg4  avc or sp/asp,human,0,"H.264/MPEG-4 Part 10 or AVC (Advanced Video Coding) is a standard for video compression , and is currently one of the most commonly used formats for the recording, compression, and distribution of high definition video ."
461_ai_original,what is mpeg4  avc or sp/asp,ai_original,1,"MPEG-4 AVC (Advanced Video Coding) is a video compression standard that is used to encode video data for use in a variety of applications, including high definition television (HDTV) and the internet. It is a modern and highly efficient video codec that is based on the H.264/MPEG-4 AVC standard, which was developed by the International Telecommunication Union (ITU) and the Moving Picture Experts Group (MPEG).\n\nMPEG-4 ASP (Advanced Simple Profile) is a video codec that is used in the MPEG-4 standard for video compression. It is a subset of the more advanced H.264/MPEG-4 AVC codec and is designed to provide a simple, low-complexity codec that can be used in a variety of applications.\n\nBoth MPEG-4 AVC and MPEG-4 ASP are commonly used to encode video data for use in a variety of applications, including streaming video, video conferencing, and video on demand (VOD). They are both highly efficient codecs that can provide high-quality video at relatively low bitrates, making them well suited for use in applications where bandwidth is limited."
462_human,What is the name of the late Major League  old professor,human,0,"Charles Dillon ""Casey"" Stengel (; July 30, 1890 – September 29, 1975), nicknamed ""The Old Perfessor"", was an American Major League Baseball outfielder and manager ."
462_ai_original,What is the name of the late Major League  old professor,ai_original,1,"I'm sorry, but your question is not clear. Could you please provide more context or clarify what you are asking?"
463_human,who is on blink 182 album cover,human,0,The cover artwork for Enema of the State features porn star Janine Lindemulder famously clad in a nurse uniform.
463_ai_original,who is on blink 182 album cover,ai_original,1,"Blink-182 is an American rock band formed in Poway, California in 1992. The band's lineup consists of Mark Hoppus (vocals, bass guitar), Matt Skiba (vocals, guitar), and Travis Barker (drums). The album cover for their self-titled fifth studio album, commonly known as ""The Red Album,"" features the three members of the band standing in front of a red background. The album was released in 2003 and was a commercial success, reaching the top 20 of the Billboard 200 chart."
464_human,WHAT IS NON BINDING?,human,0,"Non-binding arbitration is a type of arbitration in which the arbitrator makes a determination of the rights of the parties to the dispute, but this determination is not binding upon them, and no enforceable arbitration award is issued."
464_ai_original,WHAT IS NON BINDING?,ai_original,1,"In the context of legal agreements or negotiations, ""non-binding"" refers to something that does not have any legal force or effect. It means that the parties involved are not required to follow through with the terms or commitments made in the agreement, and there is no legal recourse if they do not do so.\n\nNon-binding agreements or negotiations are often used as a way to explore potential arrangements or to establish a framework for further discussions, without committing to any specific terms or actions. They can also be used to test the waters or gauge the level of interest or commitment from the other party.\n\nExamples of non-binding agreements include letters of intent, memorandum of understanding (MOU), and term sheets. These types of agreements typically outline the general terms and conditions of a proposed arrangement, but do not create any legally enforceable obligations. They are typically followed by a more formal, binding agreement that sets out the specific terms and conditions of the arrangement in greater detail."
465_human,who was mr big on sex and the city,human,0,"John James ""Mr. Big"" Preston is a recurring fictional character in the HBO series Sex and the City , portrayed by Chris Noth ."
465_ai_original,who was mr big on sex and the city,ai_original,1,"Mr. Big is a character on the HBO television series ""Sex and the City."" He is portrayed by actor Chris Noth and is the primary love interest of the show's protagonist, Carrie Bradshaw. Mr. Big is a successful businessman with a mysterious past and a penchant for commitment-phobia. Despite his reluctance to fully commit to Carrie, the two have a tumultuous and passionate relationship throughout the series."
466_human,what is the actresses name that played in walk that line?,human,0,"The film was nominated for five Academy Awards including Best Actor (Joaquin Phoenix), Best Actress (Reese Witherspoon, which she won), and Best Costume Design ( Arianne Phillips )."
466_ai_original,what is the actresses name that played in walk that line?,ai_original,1,"The actress who played in ""Walk the Line"" is Reese Witherspoon. She played the role of June Carter, the wife of country music legend Johnny Cash, who was played by actor Joaquin Phoenix in the film. ""Walk the Line"" is a biographical drama that tells the story of Cash's life and career, including his relationships with Carter and other key figures in the music industry. The film was released in 2005 and was a critical and commercial success, earning numerous awards and accolades, including Academy Awards for Witherspoon and Phoenix."
467_human,what is the definition of a map,human,0,"A map is a visual representation of an areaa symbolic depiction highlighting relationships between elements of that space such as objects , regions , and themes ."
467_ai_original,what is the definition of a map,ai_original,1,"A map is a representation of an area, such as a city, country, or continent, that shows the features of that area, including physical features such as mountains, rivers, and lakes, as well as man-made features such as roads, buildings, and political boundaries. Maps can be two-dimensional or three-dimensional, and can be drawn to various scales, which means that they can show a small area in great detail or a large area with less detail. Maps can be created using a variety of methods, including hand-drawing, computer-aided design, and satellite imagery. They are used for a variety of purposes, including navigation, planning, and studying the geography and history of an area."
468_human,when was the great fire in chicago,human,0,"The Great Chicago Fire was a conflagration that burned from Sunday, October 8, to early Tuesday, October 10, 1871, killing hundreds and destroying about in Chicago , Illinois ."
468_ai_original,when was the great fire in chicago,ai_original,1,"The Great Chicago Fire was a conflagration that burned from October 8 to October 10, 1871, in Chicago, Illinois. The fire killed approximately 300 people, destroyed roughly 3.3 square miles of the city, and left more than 100,000 residents homeless. The cause of the fire is not definitively known, but it is generally believed to have started in a barn belonging to Patrick and Catherine O'Leary, possibly as a result of a cow knocking over a lantern. The fire spread quickly through the densely packed wooden buildings in the city, and strong winds exacerbated the spread of the flames. Despite the efforts of firefighters and volunteers, the fire was not brought under control until it had burned for more than two days."
469_human,what is hosting a website,human,0,"Web hosts are companies that provide space on a server owned or leased for use by clients, as well as providing Internet connectivity, typically in a data center ."
469_ai_original,what is hosting a website,ai_original,1,"Hosting a website means making it available for users to access on the internet. When you host a website, you are essentially creating a space on a server that is connected to the internet, and then uploading your website's files to that space so that people can access them through their web browsers.\n\nThere are several different ways to host a website, including:\n\nShared hosting: This is the most common and affordable option for small websites. With shared hosting, your website shares a server with other websites, which means you all split the cost of hosting.\n\nDedicated hosting: This is a more expensive option, but it provides you with your own server that is not shared with anyone else. This is a good option for larger websites or those with very high traffic.\n\nCloud hosting: This is a newer option that involves hosting your website on a network of servers in the cloud, rather than on a single physical server. This can be more scalable and flexible than other options.\n\nVirtual private server (VPS) hosting: This is similar to shared hosting, but you get your own virtual server with more resources and flexibility.\n\nTo host a website, you will need to purchase a domain name (e.g., example.com) and a hosting plan from a hosting provider. You will then upload your website's files to the server and configure your domain name to point to your website. Once this is done, people will be able to access your website by entering your domain name into their web browser.\n"
470_human,What is up with Kent Hovind,human,0,"He is incarcerated at the Federal Correctional Institution at Berlin, New Hampshire."
470_ai_original,What is up with Kent Hovind,ai_original,1,"Kent Hovind is a controversial figure in the United States known for his promotion of young Earth creationism, a belief that the Earth is only a few thousand years old and that the scientific theory of evolution is false. He has been involved in legal disputes related to his creationist beliefs, including a conviction for tax evasion in 2006. Hovind has also been criticized for making unsupported scientific claims and for spreading misinformation. It is important to critically evaluate all sources of information, including those promoted by individuals like Kent Hovind, and to base one's understanding of the world on well-established scientific theories and evidence."
471_human,what is associates arts degree,human,0,"An associate degree is an undergraduate academic degree awarded by community colleges , junior colleges , technical colleges, and bachelor's degree -granting colleges and universities upon completion of a course of study usually lasting two years."
471_ai_original,what is associates arts degree,ai_original,1,"An associate of arts degree is a two-year undergraduate degree awarded by community colleges, junior colleges, and some four-year colleges and universities. It is designed to provide students with a broad-based education in the liberal arts, including subjects such as literature, history, social sciences, mathematics, and natural sciences. The associate of arts degree is often seen as a stepping stone to a four-year bachelor's degree, as many colleges and universities will accept credits earned in an associate of arts program towards a bachelor's degree. Some students may choose to complete an associate of arts degree and then transfer to a four-year institution to complete a bachelor's degree, while others may use the degree to enter the workforce directly after graduation."
472_human,what is the oath of allegiance of the united states,human,0,"The United States Oath of Allegiance (officially referred to as the ""Oath of Allegiance,"" 8 C.F.R. Part 337 (2008)) is an oath that must be taken by all immigrants who wish to become United States citizens ."
472_ai_original,what is the oath of allegiance of the united states,ai_original,1,"The Oath of Allegiance of the United States, also known as the ""Oath of Citizenship,"" is a vow that must be taken by all immigrants who wish to become naturalized citizens of the United States. The Oath expresses an individual's loyalty to the United States and its Constitution, and is an important part of the naturalization process.\n\nThe Oath of Allegiance reads as follows:\n\n""I hereby declare, on oath, that I absolutely and entirely renounce and abjure all allegiance and fidelity to any foreign prince, potentate, state, or sovereignty of whom or which I have heretofore been a subject or citizen; that I will support and defend the Constitution and laws of the United States of America against all enemies, foreign and domestic; that I will bear true faith and allegiance to the same; that I will bear arms on behalf of the United States when required by the law; that I will perform noncombatant service in the Armed Forces of the United States when required by the law; that I will perform work of national importance under civilian direction when required by the law; and that I take this obligation freely without any mental reservation or purpose of evasion; so help me God.""\n\nThe Oath of Allegiance is typically administered by a United States Citizenship and Immigration Services (USCIS) officer during a naturalization ceremony. After reciting the Oath, the individual becomes a naturalized citizen of the United States and is entitled to all the rights and privileges granted by citizenship."
473_human,where is good morning america studio,human,0,"Times Square Studios (TSS) is an American television studio located in the Times Square neighborhood of the Manhattan borough of New York City , New York ."
473_ai_original,where is good morning america studio,ai_original,1,"Good Morning America is a morning news and talk show that airs on ABC, a network of the American Broadcasting Company. The show is produced and filmed at the ABC News studios in New York City, specifically at the Times Square Studios located at 44th Street and Broadway. The studio is open to the public for tours, which offer a behind-the-scenes look at the production of the show and other ABC News programs. If you are interested in visiting the Good Morning America studio, you can check the ABC News website for information about tour availability and how to book a tour."
474_human,what is the name of mountains along california,human,0,"The other three coastal California mountain ranges are the Transverse Ranges , Peninsular Ranges and the Klamath Mountains ."
474_ai_original,what is the name of mountains along california,ai_original,1,"There are many mountain ranges in California, including the Sierra Nevada, the Cascade Range, the Coast Ranges, the Klamath Mountains, and the Tehachapi Mountains. Some of the more well-known mountain ranges in California include the following:\n\nSierra Nevada: This mountain range runs along the eastern side of California and extends into Nevada. It is home to many high peaks, including Mount Whitney, which is the highest peak in the contiguous United States.\n\nCascade Range: This mountain range runs along the northern edge of California and extends into Oregon and Washington. It is home to many volcanoes, including Mount Shasta and Lassen Peak.\n\nCoast Ranges: These mountain ranges run along the western coast of California and extend from southern California up to the San Francisco Bay Area. Some of the more well-known peaks in the Coast Ranges include Mount Tamalpais and Mount Diablo.\n\nKlamath Mountains: These mountains are located in the northwest corner of California and extend into Oregon. They are home to many forests and are a popular destination for hikers and outdoors enthusiasts.\n\nTehachapi Mountains: These mountains are located in southern California, east of the San Joaquin Valley. They are home to many wind farms and are a popular destination for outdoor recreation."
475_human,where is Desmanthus Illinoensis found,human,0,"Desmanthus illinoensis (commonly known as Illinois bundleflower, prairie-mimosa or prickleweed) is a plant in many areas of the south central US."
475_ai_original,where is Desmanthus Illinoensis found,ai_original,1,"Desmanthus illinoensis, commonly known as Illinois bundleflower or prairie bundleflower, is a perennial legume native to the central and eastern United States. It is found in a variety of habitats, including prairies, savannas, and woodlands, and is particularly common in the Great Plains region. It has also been introduced to other parts of the world, including Australia, where it has become naturalized in some areas."
476_human,when was the first super bowl,human,0,"For example, Super Bowl I was played on January 15, 1967, following the 1966 regular season , while Super Bowl XLVII was played on February 3, 2013, following the 2012 season ."
476_ai_original,when was the first super bowl,ai_original,1,"The first Super Bowl was played on January 15, 1967. It was a postseason game between the champions of the National Football League (NFL) and the American Football League (AFL). The Green Bay Packers, who represented the NFL, defeated the Kansas City Chiefs, who represented the AFL, by a score of 35-10. The game was later named the Super Bowl, and it has since become one of the biggest and most watched sporting events in the world."
477_human,what is the origin of fiona,human,0,"The name Fiona was invented, and first used, by the Scottish poet James Macpherson (1736–96), author of the Ossian poems, which he claimed were translations from ancient Gaelic sources (sources, when challenged, he never produced)."
477_ai_original,what is the origin of fiona,ai_original,1,"Fiona is a feminine given name that is derived from the Gaelic word ""fionn,"" which means ""fair"" or ""white."" The name is popular in Ireland and has spread to other parts of the world, especially Scotland and England. It has also been used as a surname. The name Fiona has been in use in the English-speaking world since the late 19th century, and it has become a popular choice for girls in recent years. It is sometimes shortened to the nickname ""Fi."""
478_human,what is auto quarter panel,human,0,"On an automobile, a quarter panel (or rear wing as it is known in British English ) is usually considered the body panel which goes between the rear door and the trunk and typically wraps around the wheel well; however, the similar front section Fender (vehicle) , between the door and the hood, is sometimes incorrectly referred to as a quarter panel."
478_ai_original,what is auto quarter panel,ai_original,1,"An auto quarter panel is a panel that is located on the quarter of a vehicle, which is the rear portion of the vehicle that extends from the back of the doors to the tail lights. The quarter panel is typically made of sheet metal and is an important structural component of the vehicle, helping to support the body and provide stability. It also serves to cover and protect the rear wheel wells and the back of the vehicle. Some vehicles may have a separate quarter panel section for each side of the vehicle, while others may have a single panel that spans both sides. In some cases, the quarter panel may be damaged in an accident or through normal wear and tear, and may need to be replaced in order to restore the integrity of the vehicle's body.\n"
479_human,"where is shropshire, uk",human,0,"Shropshire ( or ; alternatively Salop; abbreviated, in print only, Shrops) is a county in the West Midlands region of England."
479_ai_original,"where is shropshire, uk",ai_original,1,"Shropshire is a county in the West Midlands region of England. It is located in the western part of the country, near the border with Wales. The county town of Shropshire is Shrewsbury, which is a historic market town located on the River Severn. Other major towns in the county include Telford, Oswestry, and Bridgnorth. The county is known for its beautiful countryside, including the Shropshire Hills Area of Outstanding Natural Beauty and the Long Mynd, a range of hills in the south of the county."
480_human,when was pearl harbor bombed,human,0,"The attack on Pearl Harbor (called Hawaii Operation or Operation AI by the Japanese Imperial General Headquarters (Operation Z in planning) and the Battle of Pearl Harbor) was a surprise military strike conducted by the Imperial Japanese Navy against the United States naval base at Pearl Harbor , Hawaii, on the morning of December 7, 1941 (December 8 in Japan)."
480_ai_original,when was pearl harbor bombed,ai_original,1,"Pearl Harbor was bombed on December 7, 1941. This attack, carried out by the Japanese Imperial Navy, was a surprise military strike that targeted the United States naval base at Pearl Harbor, Hawaii. The attack resulted in the deaths of over 2,000 American servicemen and the sinking or damaging of eight U.S. Navy battleships, as well as a number of other ships and aircraft. The attack on Pearl Harbor was a key event that led the United States to enter World War II."
481_human,what is the la tour de france,human,0,"The Tour de France () is an annual multiple stage bicycle race primarily held in France , while also occasionally making passes through nearby countries."
481_ai_original,what is the la tour de france,ai_original,1,"La Tour de France is a prestigious annual cycling race that takes place in France and occasionally passes through nearby countries. It is one of the most famous and respected cycling events in the world, attracting top professional riders from around the globe. The race typically covers a distance of more than 3,500 kilometers (2,200 miles) and consists of 21 stages, or individual races, spread out over the course of about three weeks. The stages include a mix of flat and mountainous terrain, and riders compete for the coveted yellow jersey, awarded to the rider with the lowest overall time. The Tour de France is organized by the Amaury Sport Organisation and is held every year in July."
482_human,what is the social norm approach?,human,0,"The social norms approach, or social norms marketing, is an environmental strategy gaining ground in health campaigns."
482_ai_original,what is the social norm approach?,ai_original,1,"The social norms approach is a theory that proposes that people's behaviors are influenced by their perceptions of what is considered normal or acceptable within their social group. According to this approach, people's behaviors are shaped by their beliefs about what is normal or typical behavior for their social group, and they are more likely to engage in behaviors that are seen as normative within their group.\n\nThe social norms approach suggests that people are motivated to conform to the expectations of their social group and to avoid deviating from these norms. This can be because they want to fit in with their group or because they believe that following the norms is the right thing to do.\n\nThe social norms approach has been applied in a variety of contexts, including in research on social influence, social psychology, and health behavior. It has been used to understand and address issues such as substance abuse, violence, and risky behaviors, as well as to promote pro-social behaviors such as environmentally-friendly behaviors and charitable giving."
483_human,what is vat tax?,human,0,A value added tax (VAT) is a form of consumption tax .
483_ai_original,what is vat tax?,ai_original,1,"Value-added tax (VAT) is a type of consumption tax that is applied to goods and services at each point of sale, where value is added. VAT is typically imposed on the sale of goods and services by businesses to consumers, but it can also be applied to business-to-business transactions.\n\nIn a VAT system, businesses collect the tax on behalf of the government and remit it to the appropriate tax authority. VAT is typically calculated as a percentage of the sale price of the goods or services. The percentage rate varies by country and by the type of goods or services being sold.\n\nVAT is a common form of taxation in many countries around the world, including many European countries, Canada, and Japan. In the United States, sales tax is a similar consumption tax that is applied at the point of sale, but it is typically collected by the seller and remitted to the appropriate state or local tax authority rather than the federal government."
484_human,what is linkedin used for,human,0,LinkedIn () is a social networking website for people in professional occupations.
484_ai_original,what is linkedin used for,ai_original,1,"LinkedIn is a social networking platform that is primarily used for professional networking. It is a place where people can create a profile, connect with other professionals, and share their professional experiences and skills. LinkedIn is often used by job seekers to find employment opportunities and by employers to find and recruit qualified candidates for job openings. LinkedIn can also be used to connect with industry experts, stay up to date on industry news, and discover new professional opportunities."
485_human,what is jagger bombs,human,0,The Jägerbomb () is a bomb shot cocktail that was originally mixed by dropping a shot of Jägermeister into a glass of beer and in recent years evolved by the Bagheri brothers (UK) with Red Bull or other energy drinks.
485_ai_original,what is jagger bombs,ai_original,1,"A Jägerbomb is a type of cocktail made by dropping a shot glass filled with Jägermeister, a German liqueur, into a glass of energy drink, usually Red Bull. The shot glass is typically consumed immediately after being dropped into the energy drink. Jägerbombs are often consumed quickly, and are often associated with partying and high-energy social situations. It is important to note that Jägerbombs and other cocktails made with energy drinks can be dangerous if consumed in excess, as the combination of alcohol and caffeine can lead to overstimulation and increase the risk of alcohol-related accidents. It is always important to drink responsibly and in moderation."
486_human,what is high sticking in hockey,human,0,-sticking is the name of two infractions in the sport of ice hockey that may occur when a player intentionally or inadvertently plays with his or her stick above the height of the shoulders or above the cross bar of a hockey goal.
486_ai_original,what is high sticking in hockey,ai_original,1,"In ice hockey, ""high sticking"" refers to the act of hitting an opponent's body or stick with your own stick above the level of the opponent's shoulders. This is considered a penalty and is punishable by a minor or double minor penalty, depending on the severity of the infraction.\n\nHigh sticking can occur when a player lifts their stick to try to make contact with the puck or an opponent's stick, and the stick ends up making contact with the opponent's body or head. It can also occur when a player intentionally or unintentionally swings their stick in the direction of an opponent's head or body.\n\nHigh sticking is a dangerous play because it can cause serious injury to the opponent, especially if the stick makes contact with the head or neck. It is important for players to be aware of their stick height and to avoid making contact with opponents above the shoulders."
487_human,what is an sd memory card reader,human,0,"A memory card reader is a device, typically having a USB interface, for accessing the data on a memory card such as a CompactFlash (CF), Secure Digital (SD) or MultiMediaCard (MMC)."
487_ai_original,what is an sd memory card reader,ai_original,1,"An SD memory card reader is a device that is used to read and write data to and from an SD memory card. It is typically a small, portable device that connects to a computer or other device through a USB port or other interface. SD memory cards are commonly used in digital cameras, smartphones, and other electronic devices to store photos, videos, music, and other types of data. The reader allows the computer or device to access and transfer the data stored on the card. Many computers and laptops have built-in SD card readers, while others may require an external reader that can be plugged in through a USB port."
488_human,"What was Captain Ahab's Ship in the novel ""Moby Dick""",human,0,"The story tells the adventures of wandering sailor Ishmael , and his voyage on the whaleship Pequod , commanded by Captain Ahab."
488_ai_original,"What was Captain Ahab's Ship in the novel ""Moby Dick""",ai_original,1,"In the novel ""Moby Dick,"" Captain Ahab's ship is the whaleship Pequod. The Pequod is a fictional vessel that plays a central role in the story, as it is the setting for many of the events that take place in the novel and the backdrop against which the characters interact. The ship is crewed by a diverse group of sailors, all of whom are united in their pursuit of the giant white whale Moby Dick, which has become the object of Captain Ahab's obsessive obsession. The novel follows the journey of the Pequod and its crew as they embark on a quest to hunt down and capture the whale, which ultimately leads to their tragic demise."
489_human,what is pci Interface,human,0,"Conventional PCI (PCI is an initialism formed from Peripheral Component Interconnect, part of the PCI Local Bus standard and often shortened to just PCI) is a local computer bus for attaching hardware devices in a computer ."
489_ai_original,what is pci Interface,ai_original,1,"PCI (Peripheral Component Interconnect) is a type of computer bus that is used to connect various hardware devices to a computer's motherboard. It is a standard interface that allows devices such as network cards, sound cards, and graphics cards to communicate with the rest of the system.\n\nThe PCI bus is a parallel bus, meaning that it can transfer multiple bits of data at the same time. It is also a shared bus, meaning that multiple devices can be connected to the same bus and share the same data transfer lines. This allows for efficient communication between devices, as they can transfer data without having to wait for the bus to become available.\n\nThere are several versions of the PCI standard, including PCI, PCI-X, and PCI Express (PCIe). These standards have evolved over time to increase the speed and bandwidth of the bus, allowing it to support faster and more powerful devices.\n\nPCI is a widely used interface that is found in most computers and is supported by most operating systems. It is a flexible and reliable way to connect a wide range of devices to a computer, and is an important component of modern computer systems."
490_human,when was the trogan war,human,0,"The ancient Greeks thought that the Trojan War was a historical event that had taken place in the 13th or 12th century BC, and believed that Troy was located in modern-day Turkey near the Dardanelles ."
490_ai_original,when was the trogan war,ai_original,1,"The Trojan War was a legendary conflict that is said to have taken place in the 13th or 12th century BC in the region of western Anatolia (modern-day Turkey). The war is traditionally thought to have been fought between the city-state of Troy and a coalition of Greek city-states led by Agamemnon, king of Mycenae. The war is most famously described in Homer's epic poems, the ""Iliad"" and the ""Odyssey,"" which are considered two of the foundational works of Western literature. However, it is important to note that the Trojan War is a mythological and legendary event, and there is considerable debate among historians and classical scholars about the extent to which it may have been based on actual historical events."
491_human,where is the palatine canal,human,0,"The greater palatine canal (or pterygopalatine canal) is a passage in the skull that transmits the greater palatine artery , vein, and nerve between the pterygopalatine fossa and the oral cavity ."
491_ai_original,where is the palatine canal,ai_original,1,"The palatine canal is a small canal located within the human body. It is situated in the palate, or the roof of the mouth, and runs from the posterior end of the hard palate to the incisive foramen, which is a small hole in the front part of the hard palate. The palatine canal is a part of the nasopalatine nerve, which is a branch of the maxillary nerve. It carries sensory information from the palate and front part of the mouth to the brain."
492_human,what is the lowest temperature ever recorded in antarctica,human,0,Antarctica has the lowest naturally occurring temperature ever recorded on the ground on Earth: −89.2 °C (−128.6 °F) at Vostok Station .
492_ai_original,what is the lowest temperature ever recorded in antarctica,ai_original,1,"The lowest temperature ever recorded in Antarctica was -98.3 degrees Celsius (-144.9 degrees Fahrenheit). This temperature was recorded at the Soviet Vostok Station on July 21, 1983. It is worth noting that the Vostok Station is located in the interior of the continent, which is known for its extremely cold temperatures due to its high elevation and distance from the moderating influence of the ocean. The average winter temperature at Vostok Station is around -60 degrees Celsius (-76 degrees Fahrenheit)."
493_human,what is oregon institute of technology like,human,0,"Oregon Institute of Technology, also known as Oregon Tech or OIT, is one of seven Universities in the Oregon University System , and the only public institute of technology in the Pacific Northwest ."
493_ai_original,what is oregon institute of technology like,ai_original,1,"The Oregon Institute of Technology (Oregon Tech) is a public polytechnic university located in Klamath Falls, Oregon. It is one of seven institutes of technology in the state of Oregon. Oregon Tech offers a wide range of programs in fields such as applied sciences, business, health sciences, and engineering technologies. The school has a strong focus on hands-on, practical learning and real-world experience, and many of its programs include internships or other experiential learning opportunities. Oregon Tech has a diverse student body and a supportive campus community. It is known for its small class sizes and personalized attention from faculty and staff. The campus is located in a picturesque setting in the southern Cascade Mountains, and the surrounding area offers a range of outdoor recreational activities."
494_human,when was the first nfl madden game released,human,0,"Due to Madden's insistence that the game be as realistic as possible, the first version of John Madden Football was not released until 1988."
494_ai_original,when was the first nfl madden game released,ai_original,1,"The first Madden NFL game was released in 1988. It was developed by Electronic Arts (EA) and was named after former NFL coach and commentator John Madden. The game was initially released for the Apple II computer and later ported to other platforms, including the Commodore 64 and IBM PC. It was the first football game to feature real NFL teams and players, and it quickly became a popular choice among football fans and gamers. Since then, the Madden NFL franchise has continued to release new games every year, and it remains one of the most successful sports video game franchises of all time."
495_human,When Is Passover Over,human,0,"In Judaism , a day commences at dusk and lasts until the following dusk, thus the first day of Passover only begins after dusk of the 14th of Nisan and ends at dusk of the 15th day of the month of Nisan."
495_ai_original,When Is Passover Over,ai_original,1,"Passover is a Jewish holiday that commemorates the liberation of the Israelites from slavery in ancient Egypt. It is observed for eight days, beginning on the 15th day of the Hebrew month of Nisan, which usually falls in March or April on the Gregorian calendar. The first and second nights of Passover are the most important, and it is traditional to hold a special meal called a seder on these evenings to recount the story of the Israelites' liberation. The holiday concludes on the eighth day, which is known as Pesach Sheni or ""Second Passover."" The exact date of the holiday varies from year to year, so you can check with a Jewish calendar or with your local synagogue to find out when Passover will be observed in a given year."
496_human,when is halley's comet next,human,0,Halley's Comet last appeared in the inner Solar System in 1986 and will next appear in mid-2061.
496_ai_original,when is halley's comet next,ai_original,1,"Halley's Comet is a periodic comet that appears in the inner Solar System once every 76 years. It was last visible from Earth in 1986 and is expected to be visible again in 2061. The exact timing of its next appearance will depend on various factors, including its orbit and the position of the Earth in its orbit around the Sun."
497_human,what is soy made from,human,0,"The soybean (US) or soya bean (UK) (Glycine max) is a species of legume native to East Asia, widely grown for its edible bean which has numerous uses."
497_ai_original,what is soy made from,ai_original,1,"Soy is made from soybeans, which are legumes that are native to East Asia. They are high in protein and are used to make a variety of food products, including tofu, soy milk, and soy sauce. Soybeans are typically processed to extract the oil, which is used in cooking and food production, and to make soy protein, which is used as a food ingredient and in other products. The by-products of soy processing, such as soy meal and soy flour, are used in animal feed and other products."
498_human,what is el mate,human,0,"Mate (, ; sometimes also spelled maté), also known as chimarrão () or cimarrón (), is a traditional South American infused drink , particularly in Argentina, Uruguay, Paraguay and the southern states of Brazil and to a lesser degree in south of Chile, the Bolivian Chaco , Syria and Lebanon."
498_ai_original,what is el mate,ai_original,1,"El mate is a traditional South American beverage made from the dried leaves of the yerba mate plant. It is popular in many countries in South America, including Argentina, Uruguay, Paraguay, and Brazil. The leaves are traditionally steeped in hot water to create a strong, bitter infusion that is often served in a gourd and sipped through a metal straw called a bombilla. Mate is often consumed socially, with friends or family members sharing a gourd of mate and taking turns sipping from the bombilla. It is also believed to have various health benefits, including aiding in digestion and boosting energy levels."
499_human,WHERE WAS JOHN WAYNE BORN,human,0,"Wayne was born in Winterset, Iowa but his family relocated to the greater Los Angeles area when he was four years old."
499_ai_original,WHERE WAS JOHN WAYNE BORN,ai_original,1,"John Wayne was born Marion Robert Morrison in Winterset, Iowa, on May 26, 1907."
500_human,when was purple haze by jimi hendrix made?,human,0,"Purple Haze is a song written and recorded by Jimi Hendrix in 1967, released as the second single by The Jimi Hendrix Experience in both the United Kingdom and the United States ."
500_ai_original,when was purple haze by jimi hendrix made?,ai_original,1,"""Purple Haze"" is a song written and recorded by Jimi Hendrix. It was released in 1967 on the album ""Are You Experienced"". The song became one of Hendrix's most popular and enduring hits and has been covered by many artists since its release."
